/*
 Navicat Premium Data Transfer

 Source Server         : localhost
 Source Server Type    : MySQL
 Source Server Version : 50560
 Source Host           : localhost:3306
 Source Schema         : crow

 Target Server Type    : MySQL
 Target Server Version : 50560
 File Encoding         : 65001

 Date: 01/11/2018 16:58:22
*/

SET NAMES utf8mb4;
SET FOREIGN_KEY_CHECKS = 0;

-- ----------------------------
-- Table structure for d_column
-- ----------------------------
DROP TABLE IF EXISTS `d_column`;
CREATE TABLE `d_column`  (
  `id` int(11) NOT NULL AUTO_INCREMENT,
  `name` varchar(255) CHARACTER SET utf8 COLLATE utf8_general_ci NULL DEFAULT NULL,
  `level` int(11) NULL DEFAULT NULL,
  `url` varchar(255) CHARACTER SET utf8 COLLATE utf8_general_ci NULL DEFAULT NULL,
  PRIMARY KEY (`id`) USING BTREE
) ENGINE = InnoDB AUTO_INCREMENT = 6 CHARACTER SET = utf8 COLLATE = utf8_general_ci ROW_FORMAT = Compact;

-- ----------------------------
-- Records of d_column
-- ----------------------------
INSERT INTO `d_column` VALUES (1, '侗人快讯', NULL, 'flash');
INSERT INTO `d_column` VALUES (2, '侗人文化', NULL, 'culture');
INSERT INTO `d_column` VALUES (3, '侗人经济', NULL, 'economics');
INSERT INTO `d_column` VALUES (4, '侗人旅游', NULL, 'travel');
INSERT INTO `d_column` VALUES (5, '侗人视频', NULL, 'video');

-- ----------------------------
-- Table structure for d_log
-- ----------------------------
DROP TABLE IF EXISTS `d_log`;
CREATE TABLE `d_log`  (
  `id` int(11) NOT NULL AUTO_INCREMENT,
  `userid` int(11) NULL DEFAULT NULL,
  `type` int(11) NULL DEFAULT NULL COMMENT '0代表注册 1代表登陆',
  `time` varchar(255) CHARACTER SET utf8 COLLATE utf8_general_ci NULL DEFAULT NULL COMMENT '登陆时间或者注册时间',
  PRIMARY KEY (`id`) USING BTREE
) ENGINE = InnoDB AUTO_INCREMENT = 59 CHARACTER SET = utf8 COLLATE = utf8_general_ci ROW_FORMAT = Compact;

-- ----------------------------
-- Records of d_log
-- ----------------------------
INSERT INTO `d_log` VALUES (1, 1, 1, '2018-10-31 10:39:20');
INSERT INTO `d_log` VALUES (2, 14, 0, '2018-10-31 10:40:05');
INSERT INTO `d_log` VALUES (3, 1, 1, '2018-10-30 10:48:59');
INSERT INTO `d_log` VALUES (4, 1, 1, '2018-10-32 14:13:25');
INSERT INTO `d_log` VALUES (5, 1, 1, '2018-10-31 15:35:45');
INSERT INTO `d_log` VALUES (6, 1, 1, '2018-10-31 15:55:04');
INSERT INTO `d_log` VALUES (7, 1, 1, '2018-10-3016:21:36');
INSERT INTO `d_log` VALUES (8, 1, 1, '2018-10-30 16:25:32');
INSERT INTO `d_log` VALUES (9, 1, 1, '2018-10-31 17:28:08');
INSERT INTO `d_log` VALUES (10, 1, 1, '2018-10-31 17:28:39');
INSERT INTO `d_log` VALUES (11, 1, 1, '2018-10-31 17:28:58');
INSERT INTO `d_log` VALUES (12, 1, 1, '2018-10-31 17:29:28');
INSERT INTO `d_log` VALUES (13, 9, 1, '2018-10-31 17:36:46');
INSERT INTO `d_log` VALUES (14, 1, 1, '2018-10-31 17:37:19');
INSERT INTO `d_log` VALUES (15, 1, 1, '2018-10-31 17:39:53');
INSERT INTO `d_log` VALUES (16, 9, 1, '2018-10-31 17:39:53');
INSERT INTO `d_log` VALUES (17, 9, 1, '2018-10-31 17:40:18');
INSERT INTO `d_log` VALUES (18, 15, 0, '2018-10-31 17:42:34');
INSERT INTO `d_log` VALUES (19, 15, 1, '2018-10-31 17:42:53');
INSERT INTO `d_log` VALUES (20, 1, 1, '2018-10-31 17:43:36');
INSERT INTO `d_log` VALUES (21, 1, 1, '2018-10-31 17:43:42');
INSERT INTO `d_log` VALUES (22, 1, 1, '2018-10-31 17:48:58');
INSERT INTO `d_log` VALUES (23, 1, 1, '2018-10-31 17:50:51');
INSERT INTO `d_log` VALUES (24, 1, 1, '2018-10-31 17:52:14');
INSERT INTO `d_log` VALUES (25, 1, 1, '2018-10-31 17:53:34');
INSERT INTO `d_log` VALUES (26, 1, 1, '2018-10-31 17:55:34');
INSERT INTO `d_log` VALUES (27, 9, 1, '2018-10-31 17:59:39');
INSERT INTO `d_log` VALUES (28, 1, 1, '2018-10-31 18:01:49');
INSERT INTO `d_log` VALUES (29, 1, 1, '2018-10-31 18:11:08');
INSERT INTO `d_log` VALUES (30, 1, 1, '2018-10-31 18:13:28');
INSERT INTO `d_log` VALUES (31, 1, 1, '2018-10-31 19:52:57');
INSERT INTO `d_log` VALUES (32, 9, 1, '2018-10-31 20:04:59');
INSERT INTO `d_log` VALUES (33, 1, 1, '2018-10-31 20:05:16');
INSERT INTO `d_log` VALUES (34, 1, 1, '2018-10-31 20:40:46');
INSERT INTO `d_log` VALUES (35, 16, 0, '2018-10-31 20:45:36');
INSERT INTO `d_log` VALUES (36, 1, 1, '2018-11-01 10:03:34');
INSERT INTO `d_log` VALUES (37, 9, 1, '2018-11-01 10:24:35');
INSERT INTO `d_log` VALUES (38, 9, 1, '2018-11-01 10:33:26');
INSERT INTO `d_log` VALUES (39, 1, 1, '2018-11-01 11:08:20');
INSERT INTO `d_log` VALUES (40, 17, 0, '2018-11-01 11:10:14');
INSERT INTO `d_log` VALUES (41, 17, 1, '2018-11-01 11:11:47');
INSERT INTO `d_log` VALUES (42, 1, 1, '2018-11-01 11:29:36');
INSERT INTO `d_log` VALUES (43, 18, 0, '2018-11-01 11:32:38');
INSERT INTO `d_log` VALUES (44, 19, 0, '2018-11-01 11:36:40');
INSERT INTO `d_log` VALUES (45, 20, 0, '2018-11-01 11:37:16');
INSERT INTO `d_log` VALUES (46, 21, 0, '2018-11-01 11:38:20');
INSERT INTO `d_log` VALUES (47, 22, 0, '2018-11-01 11:38:30');
INSERT INTO `d_log` VALUES (48, 23, 0, '2018-11-01 11:38:34');
INSERT INTO `d_log` VALUES (49, 17, 1, '2018-11-01 14:15:34');
INSERT INTO `d_log` VALUES (50, 9, 1, '2018-11-01 14:18:10');
INSERT INTO `d_log` VALUES (51, 1, 1, '2018-11-01 14:19:32');
INSERT INTO `d_log` VALUES (52, 9, 1, '2018-11-01 14:36:07');
INSERT INTO `d_log` VALUES (53, 24, 0, '2018-11-01 14:42:15');
INSERT INTO `d_log` VALUES (54, 1, 1, '2018-11-01 15:14:23');
INSERT INTO `d_log` VALUES (55, 1, 1, '2018-11-01 16:44:54');
INSERT INTO `d_log` VALUES (56, 1, 1, '2018-11-01 16:54:25');
INSERT INTO `d_log` VALUES (57, 1, 1, '2018-11-01 16:54:56');
INSERT INTO `d_log` VALUES (58, 1, 1, '2018-11-01 16:56:29');

-- ----------------------------
-- Table structure for d_news
-- ----------------------------
DROP TABLE IF EXISTS `d_news`;
CREATE TABLE `d_news`  (
  `id` int(11) NOT NULL AUTO_INCREMENT,
  `title` varchar(128) CHARACTER SET utf8 COLLATE utf8_general_ci NULL DEFAULT NULL COMMENT '标题',
  `picture` varchar(200) CHARACTER SET utf8 COLLATE utf8_general_ci NULL DEFAULT NULL COMMENT '图片',
  `content` text CHARACTER SET utf8 COLLATE utf8_general_ci NULL COMMENT '内容',
  `publish_time` varchar(20) CHARACTER SET utf8 COLLATE utf8_general_ci NULL DEFAULT NULL COMMENT '发布时间',
  `browse` int(11) NULL DEFAULT NULL COMMENT '浏览次数',
  `column_id` int(11) NULL DEFAULT NULL COMMENT '栏目id',
  `user` varchar(11) CHARACTER SET utf8 COLLATE utf8_general_ci NULL DEFAULT NULL COMMENT '发布文章的用户',
  `update_time` varchar(20) CHARACTER SET utf8 COLLATE utf8_general_ci NULL DEFAULT NULL COMMENT '更新时间',
  `video` varchar(255) CHARACTER SET utf8 COLLATE utf8_bin NULL DEFAULT NULL COMMENT '视频',
  `status` int(11) NOT NULL DEFAULT 1 COMMENT '状态 0代表审核中 1代表审核通过',
  `uid` int(11) NULL DEFAULT NULL COMMENT '用户id',
  `role` int(11) NULL DEFAULT 3 COMMENT '1代表超级管理员，2代表普通管理员，3代表用户',
  `content_text` text CHARACTER SET utf8 COLLATE utf8_general_ci NULL COMMENT '纯文本',
  PRIMARY KEY (`id`) USING BTREE
) ENGINE = InnoDB AUTO_INCREMENT = 110 CHARACTER SET = utf8 COLLATE = utf8_general_ci ROW_FORMAT = Compact;

-- ----------------------------
-- Records of d_news
-- ----------------------------
INSERT INTO `d_news` VALUES (1, '快讯2', '1', '啊水库就哈考试的', '2018-10-09 18:33:29', 1, 1, '1', '2018-10-09 18:33:26', '1', 1, NULL, 1, NULL);
INSERT INTO `d_news` VALUES (2, '范冰冰逃税案件', NULL, '<p style=\"margin-top: 22px; margin-bottom: 0px; padding: 0px; line-height: 24px; color: rgb(51, 51, 51); text-align: justify; font-family: arial; white-space: normal; background-color: rgb(255, 255, 255);\"><span class=\"bjh-p\">就在5天前，这一持续沸腾数月的案件终于迎来“实锤”：曾因举报而被传得沸沸扬扬的“阴阳合同”，已被税务部门查实。</span></p><p><img class=\"large\" src=\"/ueditor/jsp/upload/image/20181011/1539240253003082480.jpg\"/></p><p style=\"margin-top: 26px; margin-bottom: 0px; padding: 0px; line-height: 24px; color: rgb(51, 51, 51); text-align: justify; font-family: arial; white-space: normal; background-color: rgb(255, 255, 255);\"><span class=\"bjh-p\">税务部门3日公布了范冰冰案的案件事实，并开出包括税款、滞纳金、罚款在内的高达8亿余元的罚单。</span></p><p><br/></p>', '2018-10-09 18:33:29', NULL, 3, '东东', NULL, NULL, 0, NULL, 1, NULL);
INSERT INTO `d_news` VALUES (3, '快讯3', NULL, '<p style=\"margin-top: 0px; margin-bottom: 18px; padding: 0px; color: rgb(77, 79, 83); font-family: &#39;Microsoft Yahei&#39;, &#39;\\5FAE软雅黑&#39;, &#39;STHeiti Light&#39;, &#39;\\534E文细黑&#39;, SimSun, &#39;\\5B8B体&#39;, Arial, sans-serif; font-size: 18px; letter-spacing: 1px; line-height: 32px; white-space: normal; background-color: rgb(255, 255, 255);\">10月4日，美国副总统彭斯发表演讲，公开指责中方干涉美国内政，甚至干预美国中期选举。美国抗议中国“干涉内政”……确定剧本没有拿错？</p><p style=\"margin-top: 0px; margin-bottom: 18px; padding: 0px; color: rgb(77, 79, 83); font-family: &#39;Microsoft Yahei&#39;, &#39;\\5FAE软雅黑&#39;, &#39;STHeiti Light&#39;, &#39;\\534E文细黑&#39;, SimSun, &#39;\\5B8B体&#39;, Arial, sans-serif; font-size: 18px; letter-spacing: 1px; line-height: 32px; white-space: normal; background-color: rgb(255, 255, 255);\">　　彭斯副总统还大言不惭地宣称，中国的成功“在很大程度上是由美国在中国的投资所推动的”，“在过去的25年里’我们重建了中国’”。美国重建了中国……逗我呢？</p><p><img src=\"/ueditor/jsp/upload/image/20181011/1539249332341075328.jpg\" alt=\"\"/></p><p><br/></p>', '2018-10-23 05:25', NULL, 1, 'KASA2', NULL, NULL, 0, NULL, 2, NULL);
INSERT INTO `d_news` VALUES (5, '周润发', NULL, '<p style=\"margin-top: 0px; margin-bottom: 0px; padding: 0px; list-style: none; color: rgb(51, 51, 51); font-family: arial; font-size: 13px; line-height: 20.02px; white-space: normal; background-color: rgb(255, 255, 255);\">1955年（乙未年）5月18日（闰三月二十七）</p><p style=\"margin-top: 0px; margin-bottom: 0px; padding: 0px; list-style: none; color: rgb(51, 51, 51); font-family: arial; font-size: 13px; line-height: 20.02px; white-space: normal; background-color: rgb(255, 255, 255);\">个人信息：182cm/金牛座/O型</p><p style=\"margin-top: 0px; margin-bottom: 0px; padding: 0px; list-style: none; color: rgb(51, 51, 51); font-family: arial; font-size: 13px; line-height: 20.02px; white-space: normal; background-color: rgb(255, 255, 255);\">代表作品：监狱风云、龙虎风云、上海滩、英雄本色、赌神...</p><p style=\"margin-top: 0px; margin-bottom: 0px; padding: 0px; list-style: none; color: rgb(51, 51, 51); font-family: arial; font-size: 13px; line-height: 20.02px; white-space: normal; background-color: rgb(255, 255, 255);\">简介：<span style=\"color: rgb(204, 0, 0);\">周润发</span>（Chow Yun Fat），1955年5月18日出生在香港...</p><p style=\"margin-top: 0px; margin-bottom: 0px; padding: 0px; list-style: none; color: rgb(51, 51, 51); font-family: arial; font-size: 13px; line-height: 20.02px; white-space: normal; background-color: rgb(255, 255, 255);\"><a class=\"c-gap-right-small op-se-listen-recommend\" href=\"http://www.baidu.com/link?url=Pld7TCMOzHOFtlKTT0TW2fWsYi5Qx9UPHY3t9wfWAucUz-xmeHLWrpPtY9RMSv6QylZn7Mv_zdQd_hD14gLIRJWp7i1lQ3-TmitswBhxEEpiCPVfke9ZmTcy5bG_n37o\" target=\"_blank\" title=\"人物经历\" style=\"margin-right: 6px;\">人物经历</a>&nbsp;<a class=\"c-gap-right-small op-se-listen-recommend\" href=\"http://www.baidu.com/link?url=Pld7TCMOzHOFtlKTT0TW2fWsYi5Qx9UPHY3t9wfWAucUz-xmeHLWrpPtY9RMSv6QylZn7Mv_zdQd_hD14gLIRJWp7i1lQ3-TmitswBhxEEn5OR-nOzdD8sLFqFdSTbk7\" target=\"_blank\" title=\"演艺经历\" style=\"margin-right: 6px;\">演艺经历</a>&nbsp;<a class=\"c-gap-right-small op-se-listen-recommend\" href=\"http://www.baidu.com/link?url=Pld7TCMOzHOFtlKTT0TW2fWsYi5Qx9UPHY3t9wfWAucUz-xmeHLWrpPtY9RMSv6QylZn7Mv_zdQd_hD14gLIRJWp7i1lQ3-TmitswBhxEEnm3nTIIC_pRhIK45l4BODi\" target=\"_blank\" title=\"个人生活\" style=\"margin-right: 6px;\">个人生活</a>&nbsp;<a class=\"c-gap-right-small op-se-listen-recommend\" href=\"http://www.baidu.com/link?url=Pld7TCMOzHOFtlKTT0TW2fWsYi5Qx9UPHY3t9wfWAucUz-xmeHLWrpPtY9RMSv6QylZn7Mv_zdQd_hD14gLIRJWp7i1lQ3-TmitswBhxEEolM38JT2xSRl-H5zpIVM_s\" target=\"_blank\" title=\"主要作品\" style=\"margin-right: 6px;\">主要作品</a>&nbsp;<a class=\"c-gap-right-small op-se-listen-recommend\" href=\"http://www.baidu.com/link?url=Pld7TCMOzHOFtlKTT0TW2fWsYi5Qx9UPHY3t9wfWAucUz-xmeHLWrpPtY9RMSv6QylZn7Mv_zdQd_hD14gLIRJWp7i1lQ3-TmitswBhxEEmpiGpfunJ5-5r-8qmRRdRg\" target=\"_blank\" title=\"社会活动\" style=\"margin-right: 6px;\">社会活动</a>&nbsp;<a href=\"http://www.baidu.com/link?url=9crI_Z7wOPZGC8UepLF2eLrGm75fCRShcrRK2liS68scLPpusviolFrtjsXc6VvMI3zPIDalQnykHaRzt_uB1tck6G0Lz9DDmzeKV7wxRmxtYrY0Gmh7AGusAlUfKvzS\" target=\"_blank\" class=\"op-se-listen-recommend\">更多&gt;&gt;</a></p><p class=\" op-bk-polysemy-move\" style=\"margin-top: 0px; margin-bottom: 0px; padding: 0px; list-style: none; color: rgb(51, 51, 51); font-family: arial; font-size: 13px; line-height: 20.02px; white-space: normal; background-color: rgb(255, 255, 255);\"><span class=\"c-showurl\" style=\"color: green;\">baike.baidu.com/&nbsp;</span><span class=\"c-tools\" style=\"display: inline;\"><span class=\"c-icon c-icon-triangle-down-g\" style=\"display: inline-block; width: 14px; height: 14px; vertical-align: text-bottom; overflow: hidden; cursor: pointer; background: url(&quot;https://ss1.bdstatic.com/5eN1bjq8AAUYm2zgoY3K/r/www/cache/static/protocol/https/global/img/icons_5859e57.png&quot;) -744px -144px no-repeat;\"></span></span></p><p><br/></p>', '2018-10-15 05:40', NULL, 2, 'SS', NULL, NULL, 0, NULL, 2, NULL);
INSERT INTO `d_news` VALUES (6, '美国副总统', NULL, '<p style=\"margin-top: 0px; margin-bottom: 18px; padding: 0px; color: rgb(77, 79, 83); font-family: &#39;Microsoft Yahei&#39;, &#39;\\\\5FAE软雅黑&#39;, &#39;STHeiti Light&#39;, &#39;\\\\534E文细黑&#39;, SimSun, &#39;\\\\5B8B体&#39;, Arial, sans-serif; font-size: 18px; letter-spacing: 1px; line-height: 32px; white-space: normal; background-color: rgb(255, 255, 255);\">10月4日，美国副总统彭斯发表演讲，公开指责中方干涉美国内政，甚至干预美国中期选举。美国抗议中国“干涉内政”……确定剧本没有拿错？</p><p style=\"margin-top: 0px; margin-bottom: 18px; padding: 0px; color: rgb(77, 79, 83); font-family: &#39;Microsoft Yahei&#39;, &#39;\\\\5FAE软雅黑&#39;, &#39;STHeiti Light&#39;, &#39;\\\\534E文细黑&#39;, SimSun, &#39;\\\\5B8B体&#39;, Arial, sans-serif; font-size: 18px; letter-spacing: 1px; line-height: 32px; white-space: normal; background-color: rgb(255, 255, 255);\">　　彭斯副总统还大言不惭地宣称，中国的成功“在很大程度上是由美国在中国的投资所推动的”，“在过去的25年里’我们重建了中国’”。美国重建了中国……逗我呢？</p><p><img src=\"/ueditor/jsp/upload/image/20181011/1539249332341075328.jpg\" alt=\"\"/></p><p><br/></p>', '2018-10-16 13:25', NULL, 2, '2222222222', NULL, NULL, 0, NULL, 2, NULL);
INSERT INTO `d_news` VALUES (7, '快讯1', NULL, '<p style=\"text-align: center;\"><video class=\"edui-upload-video  vjs-default-skin video-js\" controls=\"\" preload=\"none\" width=\"420\" height=\"280\" src=\"/ueditor/jsp/upload/video/20181011/1539249581148024460.mp4\" data-setup=\"{}\"></video></p><p style=\"margin-top: 0px; margin-bottom: 18px; padding: 0px; color: rgb(77, 79, 83); font-family: &#39;Microsoft Yahei&#39;, &#39;\\\\5FAE软雅黑&#39;, &#39;STHeiti Light&#39;, &#39;\\\\534E文细黑&#39;, SimSun, &#39;\\\\5B8B体&#39;, Arial, sans-serif; font-size: 18px; letter-spacing: 1px; line-height: 32px; white-space: normal; background-color: rgb(255, 255, 255);\">“白头搔更短，浑欲不胜簪”，美国副总统此番奇谈怪论，想必让广大国际问题爱好者的发际线又退后不少。奇谈怪论本不值一哂，可也怕“谎话说了两遍他就当真”，不能被搞懵圈了、带跑偏了，甚至连“中国发展世界受益”的基本道理都怀疑起来了。</p><p style=\"margin-top: 0px; margin-bottom: 18px; padding: 0px; color: rgb(77, 79, 83); font-family: &#39;Microsoft Yahei&#39;, &#39;\\\\5FAE软雅黑&#39;, &#39;STHeiti Light&#39;, &#39;\\\\534E文细黑&#39;, SimSun, &#39;\\\\5B8B体&#39;, Arial, sans-serif; font-size: 18px; letter-spacing: 1px; line-height: 32px; white-space: normal; background-color: rgb(255, 255, 255);\">　　今天，人民日报上有篇挺重磅的文章，有理有据</p><p style=\"margin-top: 0px; margin-bottom: 18px; padding: 0px; color: rgb(77, 79, 83); font-family: &#39;Microsoft Yahei&#39;, &#39;\\\\5FAE软雅黑&#39;, &#39;STHeiti Light&#39;, &#39;\\\\534E文细黑&#39;, SimSun, &#39;\\\\5B8B体&#39;, Arial, sans-serif; font-size: 18px; letter-spacing: 1px; line-height: 32px; white-space: normal; text-align: center; background-color: rgb(255, 255, 255);\"><img src=\"/ueditor/jsp/upload/image/20181011/1539249612711019933.jpg\" title=\"1539249612711019933.jpg\" alt=\"9e6a2fc2001ad162d91da2f2789071f9.jpg\"/></p><p><br/></p>', '2018-10-08 17:00', NULL, 1, 'cc', NULL, NULL, 0, NULL, 2, NULL);
INSERT INTO `d_news` VALUES (8, '人民', NULL, '<p style=\"margin-top: 0px; margin-bottom: 18px; padding: 0px; color: rgb(77, 79, 83); font-family: &#39;Microsoft Yahei&#39;, &#39;\\\\5FAE软雅黑&#39;, &#39;STHeiti Light&#39;, &#39;\\\\534E文细黑&#39;, SimSun, &#39;\\\\5B8B体&#39;, Arial, sans-serif; font-size: 18px; letter-spacing: 1px; line-height: 32px; white-space: normal; background-color: rgb(255, 255, 255);\">视网消息：“人民是改革的主体，要坚持一切为了人民、一切依靠人民，发挥好广大人民群众的积极性、主动性、创造性，使广大人民群众成为推动改革开放的强大力量。”</p><p style=\"margin-top: 0px; margin-bottom: 18px; padding: 0px; color: rgb(77, 79, 83); font-family: &#39;Microsoft Yahei&#39;, &#39;\\\\5FAE软雅黑&#39;, &#39;STHeiti Light&#39;, &#39;\\\\534E文细黑&#39;, SimSun, &#39;\\\\5B8B体&#39;, Arial, sans-serif; font-size: 18px; letter-spacing: 1px; line-height: 32px; white-space: normal; background-color: rgb(255, 255, 255);\">　　党的十八大以来，习近平总书记怀着为中国人民谋幸福、为中华民族谋复兴的初心和使命，引领全党与人民朝着实现中华民族伟大复兴的宏伟目标奋勇前进。</p><p style=\"margin-top: 0px; margin-bottom: 18px; padding: 0px; color: rgb(77, 79, 83); font-family: &#39;Microsoft Yahei&#39;, &#39;\\\\5FAE软雅黑&#39;, &#39;STHeiti Light&#39;, &#39;\\\\534E文细黑&#39;, SimSun, &#39;\\\\5B8B体&#39;, Arial, sans-serif; font-size: 18px; letter-spacing: 1px; line-height: 32px; white-space: normal; background-color: rgb(255, 255, 255);\">　　在习近平关于改革的众多重要论述中，以人民为中心的发展思想是贯穿其中的一条红线。央视网特进行梳理，以飨读者。</p><p><br/></p>', '2018-10-12 14:29:33', NULL, 4, '人民', NULL, NULL, 0, 1, NULL, NULL);
INSERT INTO `d_news` VALUES (12, '特朗普', NULL, '<p style=\"margin-top: 0px; margin-bottom: 18px; padding: 0px; color: rgb(77, 79, 83); font-family: &#39;Microsoft Yahei&#39;, &#39;\\\\5FAE软雅黑&#39;, &#39;STHeiti Light&#39;, &#39;\\\\534E文细黑&#39;, SimSun, &#39;\\\\5B8B体&#39;, Arial, sans-serif; font-size: 18px; letter-spacing: 1px; line-height: 32px; white-space: normal; background-color: rgb(255, 255, 255);\">一句话：涨了是自己政绩，跌了就是市场回调，肯定跟贸易战无关，特朗普确实挺会说话。</p><p style=\"margin-top: 0px; margin-bottom: 18px; padding: 0px; color: rgb(77, 79, 83); font-family: &#39;Microsoft Yahei&#39;, &#39;\\\\5FAE软雅黑&#39;, &#39;STHeiti Light&#39;, &#39;\\\\534E文细黑&#39;, SimSun, &#39;\\\\5B8B体&#39;, Arial, sans-serif; font-size: 18px; letter-spacing: 1px; line-height: 32px; white-space: normal; background-color: rgb(255, 255, 255);\">　　但市场会不会给特朗普的面子呢？</p><p style=\"margin-top: 0px; margin-bottom: 18px; padding: 0px; color: rgb(77, 79, 83); font-family: &#39;Microsoft Yahei&#39;, &#39;\\\\5FAE软雅黑&#39;, &#39;STHeiti Light&#39;, &#39;\\\\534E文细黑&#39;, SimSun, &#39;\\\\5B8B体&#39;, Arial, sans-serif; font-size: 18px; letter-spacing: 1px; line-height: 32px; white-space: normal; background-color: rgb(255, 255, 255);\">　　中期选举在即，一天之内，至少谈了三次股市，特朗普看来也真有点急了。</p><p><br/></p>', '2018-10-12 15:09:06', NULL, 4, '特朗普', NULL, NULL, 0, 1, NULL, NULL);
INSERT INTO `d_news` VALUES (13, '特朗普22', NULL, '<p style=\"margin-top: 0px; margin-bottom: 18px; padding: 0px; color: rgb(77, 79, 83); font-family: &#39;Microsoft Yahei&#39;, &#39;\\\\5FAE软雅黑&#39;, &#39;STHeiti Light&#39;, &#39;\\\\534E文细黑&#39;, SimSun, &#39;\\\\5B8B体&#39;, Arial, sans-serif; font-size: 18px; letter-spacing: 1px; line-height: 32px; white-space: normal; background-color: rgb(255, 255, 255);\">第二个风暴，很意外，来自沙特。</p><p style=\"margin-top: 0px; margin-bottom: 18px; padding: 0px; color: rgb(77, 79, 83); font-family: &#39;Microsoft Yahei&#39;, &#39;\\\\5FAE软雅黑&#39;, &#39;STHeiti Light&#39;, &#39;\\\\534E文细黑&#39;, SimSun, &#39;\\\\5B8B体&#39;, Arial, sans-serif; font-size: 18px; letter-spacing: 1px; line-height: 32px; white-space: normal; background-color: rgb(255, 255, 255);\">　　特朗普上台后，怼加拿大，怼墨西哥，怼德国，怼俄罗斯，怼中国……安倍也没少被戏弄，特雷莎·梅也没被少揩油。</p><p style=\"margin-top: 0px; margin-bottom: 18px; padding: 0px; color: rgb(77, 79, 83); font-family: &#39;Microsoft Yahei&#39;, &#39;\\\\5FAE软雅黑&#39;, &#39;STHeiti Light&#39;, &#39;\\\\534E文细黑&#39;, SimSun, &#39;\\\\5B8B体&#39;, Arial, sans-serif; font-size: 18px; letter-spacing: 1px; line-height: 32px; white-space: normal; background-color: rgb(255, 255, 255);\">　　但有一个国家，特朗普却格外欣赏。这个国家，就是沙特。</p><p style=\"margin-top: 0px; margin-bottom: 18px; padding: 0px; color: rgb(77, 79, 83); font-family: &#39;Microsoft Yahei&#39;, &#39;\\\\5FAE软雅黑&#39;, &#39;STHeiti Light&#39;, &#39;\\\\534E文细黑&#39;, SimSun, &#39;\\\\5B8B体&#39;, Arial, sans-serif; font-size: 18px; letter-spacing: 1px; line-height: 32px; white-space: normal; background-color: rgb(255, 255, 255);\">　　特朗普第一次出访，目的地就是沙特；在沙特，他一举拿下了1100多亿美元的史无前例军售大单。</p><p style=\"margin-top: 0px; margin-bottom: 18px; padding: 0px; color: rgb(77, 79, 83); font-family: &#39;Microsoft Yahei&#39;, &#39;\\\\5FAE软雅黑&#39;, &#39;STHeiti Light&#39;, &#39;\\\\534E文细黑&#39;, SimSun, &#39;\\\\5B8B体&#39;, Arial, sans-serif; font-size: 18px; letter-spacing: 1px; line-height: 32px; white-space: normal; background-color: rgb(255, 255, 255);\">　　但现在，好关系可能真要到头了。</p><p style=\"margin-top: 0px; margin-bottom: 18px; padding: 0px; color: rgb(77, 79, 83); font-family: &#39;Microsoft Yahei&#39;, &#39;\\\\5FAE软雅黑&#39;, &#39;STHeiti Light&#39;, &#39;\\\\534E文细黑&#39;, SimSun, &#39;\\\\5B8B体&#39;, Arial, sans-serif; font-size: 18px; letter-spacing: 1px; line-height: 32px; white-space: normal; background-color: rgb(255, 255, 255);\">　　因为沙特卷入了一场跨国谋杀。按照媒体的报道：</p><p style=\"margin-top: 0px; margin-bottom: 18px; padding: 0px; color: rgb(77, 79, 83); font-family: &#39;Microsoft Yahei&#39;, &#39;\\\\5FAE软雅黑&#39;, &#39;STHeiti Light&#39;, &#39;\\\\534E文细黑&#39;, SimSun, &#39;\\\\5B8B体&#39;, Arial, sans-serif; font-size: 18px; letter-spacing: 1px; line-height: 32px; white-space: normal; background-color: rgb(255, 255, 255);\">　　1，沙特记者、《华盛顿邮报》撰稿人卡舒</p><p><br/></p>', '2018-10-12 15:18:44', NULL, 4, '特朗普2', NULL, NULL, 0, 9, 2, NULL);
INSERT INTO `d_news` VALUES (14, '图片', NULL, '<p><img src=\"http://localhost:8080/crowd-web/ueditor/jsp/upload/image/20181012/1539331593507002579.png\" title=\"1539331593507002579.png\" alt=\"blob.png\"/></p><p style=\"text-align: center;\">啊实打实的风格<br/></p><p>地方开国皇帝口附近给你</p>', '2018-10-12 16:07:15', NULL, 2, '图片', NULL, NULL, 1, 9, 2, NULL);
INSERT INTO `d_news` VALUES (15, '公司申请三年未上市，传欠债数亿，前夫没张雨绮有钱？', NULL, '<p style=\"border: 0px; margin-top: 0.63em; margin-bottom: 1.8em; padding: 0px; counter-reset: list-1 0 list-2 0 list-3 0 list-4 0 list-5 0 list-6 0 list-7 0 list-8 0 list-9 0; color: rgb(25, 25, 25); font-family: &#39;PingFang SC&#39;, Arial, 微软雅黑, 宋体, simsun, sans-serif; line-height: 30.4px; white-space: normal; text-align: center; background-color: rgb(255, 255, 255);\"><img src=\"http://localhost:8080/crowd-web/ueditor/jsp/upload/image/20181012/1539332415280057410.jpg\"/></p><p style=\"border: 0px; margin-top: 0.63em; margin-bottom: 1.8em; padding: 0px; counter-reset: list-1 0 list-2 0 list-3 0 list-4 0 list-5 0 list-6 0 list-7 0 list-8 0 list-9 0; color: rgb(25, 25, 25); font-family: &#39;PingFang SC&#39;, Arial, 微软雅黑, 宋体, simsun, sans-serif; line-height: 30.4px; white-space: normal; background-color: rgb(255, 255, 255);\"><span style=\"border: 0px; margin: 0px; padding: 0px;\">袁巴元名下有7家公司，是传闻中的“十亿小开”，但与张雨绮结婚不到一个月就登上“老赖”名单，这难道是张雨绮说离就离的主要原因？</span></p><p style=\"border: 0px; margin-top: 0.63em; margin-bottom: 1.8em; padding: 0px; counter-reset: list-1 0 list-2 0 list-3 0 list-4 0 list-5 0 list-6 0 list-7 0 list-8 0 list-9 0; color: rgb(25, 25, 25); font-family: &#39;PingFang SC&#39;, Arial, 微软雅黑, 宋体, simsun, sans-serif; line-height: 30.4px; white-space: normal; text-align: justify; background-color: rgb(255, 255, 255);\"><span style=\"border: 0px; margin: 0px; padding: 0px;\">本文由无冕财经（ID：wumiancaijing）原创并首发，作者：海棠葉，编辑：陈涧，设计：甄开心，编辑助理：陈悦珊。</span></p><p style=\"border: 0px; margin-top: 0.63em; margin-bottom: 1.8em; padding: 0px; counter-reset: list-1 0 list-2 0 list-3 0 list-4 0 list-5 0 list-6 0 list-7 0 list-8 0 list-9 0; color: rgb(25, 25, 25); font-family: &#39;PingFang SC&#39;, Arial, 微软雅黑, 宋体, simsun, sans-serif; line-height: 30.4px; white-space: normal; background-color: rgb(255, 255, 255);\">“昨天公安局，今天民政局，社会我张姐，就是这么任性。”吃瓜群众还未来得及反应，八卦已落下帷幕。</p><p style=\"border: 0px; margin-top: 0.63em; margin-bottom: 1.8em; padding: 0px; counter-reset: list-1 0 list-2 0 list-3 0 list-4 0 list-5 0 list-6 0 list-7 0 list-8 0 list-9 0; color: rgb(25, 25, 25); font-family: &#39;PingFang SC&#39;, Arial, 微软雅黑, 宋体, simsun, sans-serif; line-height: 30.4px; white-space: normal; background-color: rgb(255, 255, 255);\">9月26日晚，网曝演员张雨绮与丈夫袁巴元发生肢体冲突。次日下午，张雨绮经纪人发表声明称，二位已于当日协议离婚，“一段感情始终是两个人的事情，愿一切尘埃落定，也望各位不再窥私探究”。</p><p style=\"border: 0px; margin-top: 0.63em; margin-bottom: 1.8em; padding: 0px; counter-reset: list-1 0 list-2 0 list-3 0 list-4 0 list-5 0 list-6 0 list-7 0 list-8 0 list-9 0; color: rgb(25, 25, 25); font-family: &#39;PingFang SC&#39;, Arial, 微软雅黑, 宋体, simsun, sans-serif; line-height: 30.4px; white-space: normal; background-color: rgb(255, 255, 255);\">对于二者离婚原因，有网友爆料称，导火索是张雨绮发现二人所住的思南公馆是租的，而非袁巴元所称的其已购买。</p><p style=\"border: 0px; margin-top: 0.63em; margin-bottom: 1.8em; padding: 0px; counter-reset: list-1 0 list-2 0 list-3 0 list-4 0 list-5 0 list-6 0 list-7 0 list-8 0 list-9 0; color: rgb(25, 25, 25); font-family: &#39;PingFang SC&#39;, Arial, 微软雅黑, 宋体, simsun, sans-serif; line-height: 30.4px; white-space: normal; background-color: rgb(255, 255, 255);\"><span style=\"font-weight: 700; border: 0px; margin: 0px; padding: 0px;\">各路传言中，袁巴元真实财富几何让人疑问连连。</span>而令人好奇的是，才生一对龙凤胎的张雨绮为何能如此干脆利落地说散就散？</p><p style=\"border: 0px; margin-top: 0.63em; margin-bottom: 1.8em; padding: 0px; counter-reset: list-1 0 list-2 0 list-3 0 list-4 0 list-5 0 list-6 0 list-7 0 list-8 0 list-9 0; color: rgb(25, 25, 25); font-family: &#39;PingFang SC&#39;, Arial, 微软雅黑, 宋体, simsun, sans-serif; line-height: 30.4px; white-space: normal; text-align: center; background-color: rgb(255, 255, 255);\"><span style=\"border: 0px; margin: 0px; padding: 0px;\">真假富豪</span></p><p style=\"border: 0px; margin-top: 0.63em; margin-bottom: 1.8em; padding: 0px; counter-reset: list-1 0 list-2 0 list-3 0 list-4 0 list-5 0 list-6 0 list-7 0 list-8 0 list-9 0; color: rgb(25, 25, 25); font-family: &#39;PingFang SC&#39;, Arial, 微软雅黑, 宋体, simsun, sans-serif; line-height: 30.4px; white-space: normal; background-color: rgb(255, 255, 255);\">2016年10月26日，张雨绮与相识70天的袁巴元闪婚。</p><p style=\"border: 0px; margin-top: 0.63em; margin-bottom: 1.8em; padding: 0px; counter-reset: list-1 0 list-2 0 list-3 0 list-4 0 list-5 0 list-6 0 list-7 0 list-8 0 list-9 0; color: rgb(25, 25, 25); font-family: &#39;PingFang SC&#39;, Arial, 微软雅黑, 宋体, simsun, sans-serif; line-height: 30.4px; white-space: normal; text-align: center; background-color: rgb(255, 255, 255);\"></p><p style=\"border: 0px; margin-top: 0.63em; margin-bottom: 1.8em; padding: 0px; counter-reset: list-1 0 list-2 0 list-3 0 list-4 0 list-5 0 list-6 0 list-7 0 list-8 0 list-9 0; color: rgb(25, 25, 25); font-family: &#39;PingFang SC&#39;, Arial, 微软雅黑, 宋体, simsun, sans-serif; line-height: 30.4px; white-space: normal; text-align: center; background-color: rgb(255, 255, 255);\"><br/></p><p><br/></p>', '2018-10-12 16:23:14', NULL, 2, '张雨绮', NULL, NULL, 1, 9, 2, NULL);
INSERT INTO `d_news` VALUES (16, '张雨绮12', NULL, '<p style=\"border: 0px; margin-top: 0.63em; margin-bottom: 1.8em; padding: 0px; counter-reset: list-1 0 list-2 0 list-3 0 list-4 0 list-5 0 list-6 0 list-7 0 list-8 0 list-9 0; color: rgb(25, 25, 25); font-family: &#39;PingFang SC&#39;, Arial, 微软雅黑, 宋体, simsun, sans-serif; line-height: 30.4px; white-space: normal; text-align: center; background-color: rgb(255, 255, 255);\"><img src=\"http://localhost:8080/crowd-web/ueditor/jsp/upload/image/20181012/1539332947376075302.jpg\"/></p><p style=\"border: 0px; margin-top: 0.63em; margin-bottom: 1.8em; padding: 0px; counter-reset: list-1 0 list-2 0 list-3 0 list-4 0 list-5 0 list-6 0 list-7 0 list-8 0 list-9 0; color: rgb(25, 25, 25); font-family: &#39;PingFang SC&#39;, Arial, 微软雅黑, 宋体, simsun, sans-serif; line-height: 30.4px; white-space: normal; background-color: rgb(255, 255, 255);\"><span style=\"border: 0px; margin: 0px; padding: 0px;\">袁巴元名下有7家公司，是传闻中的“十亿小开”，但与张雨绮结婚不到一个月就登上“老赖”名单，这难道是张雨绮说离就离的主要原因？</span></p><p style=\"border: 0px; margin-top: 0.63em; margin-bottom: 1.8em; padding: 0px; counter-reset: list-1 0 list-2 0 list-3 0 list-4 0 list-5 0 list-6 0 list-7 0 list-8 0 list-9 0; color: rgb(25, 25, 25); font-family: &#39;PingFang SC&#39;, Arial, 微软雅黑, 宋体, simsun, sans-serif; line-height: 30.4px; white-space: normal; text-align: justify; background-color: rgb(255, 255, 255);\"><span style=\"border: 0px; margin: 0px; padding: 0px;\">本文由无冕财经（ID：wumiancaijing）原创并首发，作者：海棠葉，编辑：陈涧，设计：甄开心，编辑助理：陈悦珊。</span></p><p style=\"border: 0px; margin-top: 0.63em; margin-bottom: 1.8em; padding: 0px; counter-reset: list-1 0 list-2 0 list-3 0 list-4 0 list-5 0 list-6 0 list-7 0 list-8 0 list-9 0; color: rgb(25, 25, 25); font-family: &#39;PingFang SC&#39;, Arial, 微软雅黑, 宋体, simsun, sans-serif; line-height: 30.4px; white-space: normal; background-color: rgb(255, 255, 255);\">“昨天公安局，今天民政局，社会我张姐，就是这么任性。”吃瓜群众还未来得及反应，八卦已落下帷幕。</p><p style=\"border: 0px; margin-top: 0.63em; margin-bottom: 1.8em; padding: 0px; counter-reset: list-1 0 list-2 0 list-3 0 list-4 0 list-5 0 list-6 0 list-7 0 list-8 0 list-9 0; color: rgb(25, 25, 25); font-family: &#39;PingFang SC&#39;, Arial, 微软雅黑, 宋体, simsun, sans-serif; line-height: 30.4px; white-space: normal; background-color: rgb(255, 255, 255);\">9月26日晚，网曝演员张雨绮与丈夫袁巴元发生肢体冲突。次日下午，张雨绮经纪人发表声明称，二位已于当日协议离婚，“一段感情始终是两个人的事情，愿一切尘埃落定，也望各位不再窥私探究”。</p><p style=\"border: 0px; margin-top: 0.63em; margin-bottom: 1.8em; padding: 0px; counter-reset: list-1 0 list-2 0 list-3 0 list-4 0 list-5 0 list-6 0 list-7 0 list-8 0 list-9 0; color: rgb(25, 25, 25); font-family: &#39;PingFang SC&#39;, Arial, 微软雅黑, 宋体, simsun, sans-serif; line-height: 30.4px; white-space: normal; background-color: rgb(255, 255, 255);\">对于二者离婚原因，有网友爆料称，导火索是张雨绮发现二人所住的思南公馆是租的，而非袁巴元所称的其已购买。</p><p style=\"border: 0px; margin-top: 0.63em; margin-bottom: 1.8em; padding: 0px; counter-reset: list-1 0 list-2 0 list-3 0 list-4 0 list-5 0 list-6 0 list-7 0 list-8 0 list-9 0; color: rgb(25, 25, 25); font-family: &#39;PingFang SC&#39;, Arial, 微软雅黑, 宋体, simsun, sans-serif; line-height: 30.4px; white-space: normal; background-color: rgb(255, 255, 255);\"><span style=\"font-weight: 700; border: 0px; margin: 0px; padding: 0px;\">各路传言中，袁巴元真实财富几何让人疑问连连。</span>而令人好奇的是，才生一对龙凤胎的张雨绮为何能如此干脆利落地说散就散？</p><p style=\"border: 0px; margin-top: 0.63em; margin-bottom: 1.8em; padding: 0px; counter-reset: list-1 0 list-2 0 list-3 0 list-4 0 list-5 0 list-6 0 list-7 0 list-8 0 list-9 0; color: rgb(25, 25, 25); font-family: &#39;PingFang SC&#39;, Arial, 微软雅黑, 宋体, simsun, sans-serif; line-height: 30.4px; white-space: normal; text-align: center; background-color: rgb(255, 255, 255);\"><span style=\"border: 0px; margin: 0px; padding: 0px;\">真假富豪</span></p><p style=\"border: 0px; margin-top: 0.63em; margin-bottom: 1.8em; padding: 0px; counter-reset: list-1 0 list-2 0 list-3 0 list-4 0 list-5 0 list-6 0 list-7 0 list-8 0 list-9 0; color: rgb(25, 25, 25); font-family: &#39;PingFang SC&#39;, Arial, 微软雅黑, 宋体, simsun, sans-serif; line-height: 30.4px; white-space: normal; background-color: rgb(255, 255, 255);\">2016年10月26日，张雨绮与相识70天的袁巴元闪婚。</p><p style=\"border: 0px; margin-top: 0.63em; margin-bottom: 1.8em; padding: 0px; counter-reset: list-1 0 list-2 0 list-3 0 list-4 0 list-5 0 list-6 0 list-7 0 list-8 0 list-9 0; color: rgb(25, 25, 25); font-family: &#39;PingFang SC&#39;, Arial, 微软雅黑, 宋体, simsun, sans-serif; line-height: 30.4px; white-space: normal; text-align: center; background-color: rgb(255, 255, 255);\"><img src=\"http://localhost:8080/crowd-web/ueditor/jsp/upload/image/20181012/1539332947428001677.jpg\"/></p><p style=\"border: 0px; margin-top: 0.63em; margin-bottom: 1.8em; padding: 0px; counter-reset: list-1 0 list-2 0 list-3 0 list-4 0 list-5 0 list-6 0 list-7 0 list-8 0 list-9 0; color: rgb(25, 25, 25); font-family: &#39;PingFang SC&#39;, Arial, 微软雅黑, 宋体, simsun, sans-serif; line-height: 30.4px; white-space: normal; text-align: center; background-color: rgb(255, 255, 255);\"><span style=\"border: 0px; margin: 0px; padding: 0px;\">▲</span><span style=\"border: 0px; margin: 0px; padding: 0px;\">张雨绮与袁巴元结婚照。</span></p><p style=\"border: 0px; margin-top: 0.63em; margin-bottom: 1.8em; padding: 0px; counter-reset: list-1 0 list-2 0 list-3 0 list-4 0 list-5 0 list-6 0 list-7 0 list-8 0 list-9 0; color: rgb(25, 25, 25); font-family: &#39;PingFang SC&#39;, Arial, 微软雅黑, 宋体, simsun, sans-serif; line-height: 30.4px; white-space: normal; background-color: rgb(255, 255, 255);\">据澎湃新闻报道，袁巴元出生于1973年11月，现年45岁，浙江嵊州人，从事服装、地产及投资生意，现任上海笕尚实业股份有限公司（下文简称“笕尚股份”）董事长、实控人。此外，袁巴元还担任上海城外投资有限公司执行董事、上海新普投资有限公司监事等7个职务。</p><p style=\"border: 0px; margin-top: 0.63em; margin-bottom: 1.8em; padding: 0px; counter-reset: list-1 0 list-2 0 list-3 0 list-4 0 list-5 0 list-6 0 list-7 0 list-8 0 list-9 0; color: rgb(25, 25, 25); font-family: &#39;PingFang SC&#39;, Arial, 微软雅黑, 宋体, simsun, sans-serif; line-height: 30.4px; white-space: normal; background-color: rgb(255, 255, 255);\">公开资料显示，笕尚股份成立于2011年，主营服装、鞋帽等用品的零售、批发业务，旗下拥有FISHOP、MJSTYLE和TOPFEELING三大零售店品牌，截至2016年一季度，在全国拥有433家零售店。</p><p style=\"border: 0px; margin-top: 0.63em; margin-bottom: 1.8em; padding: 0px; counter-reset: list-1 0 list-2 0 list-3 0 list-4 0 list-5 0 list-6 0 list-7 0 list-8 0 list-9 0; color: rgb(25, 25, 25); font-family: &#39;PingFang SC&#39;, Arial, 微软雅黑, 宋体, simsun, sans-serif; line-height: 30.4px; white-space: normal; background-color: rgb(255, 255, 255);\">2016年3月，为扩大规模，袁巴元引进中比基金的7752.5万元融资，粗略计算其估值约为30亿元。4个月后，笕尚股份正式申请挂牌新三板，不过目前仍在待审查阶段。</p><p style=\"border: 0px; margin-top: 0.63em; margin-bottom: 1.8em; padding: 0px; counter-reset: list-1 0 list-2 0 list-3 0 list-4 0 list-5 0 list-6 0 list-7 0 list-8 0 list-9 0; color: rgb(25, 25, 25); font-family: &#39;PingFang SC&#39;, Arial, 微软雅黑, 宋体, simsun, sans-serif; line-height: 30.4px; white-space: normal; background-color: rgb(255, 255, 255);\"><span style=\"font-weight: 700; border: 0px; margin: 0px; padding: 0px;\">从营收数据看，笕尚股份近几年呈现增长趋势，但同时，公司资产负债率高企。</span>据公开转让说明书披露，2014年-2016年3月，笕尚股份分别实现营收1.9亿元、4.2亿元、2.8亿元，净利润分别为1551.8万元、670.7万元、2342.2万元，资产负债率则分别高达93.96%、95.77%、75.07%。</p><p style=\"border: 0px; margin-top: 0.63em; margin-bottom: 1.8em; padding: 0px; counter-reset: list-1 0 list-2 0 list-3 0 list-4 0 list-5 0 list-6 0 list-7 0 list-8 0 list-9 0; color: rgb(25, 25, 25); font-family: &#39;PingFang SC&#39;, Arial, 微软雅黑, 宋体, simsun, sans-serif; line-height: 30.4px; white-space: normal; background-color: rgb(255, 255, 255);\">由于没有上市，袁巴元名下企业的实际市值不可知，只能从注册资本中窥见一二。查询天眼查工商信息发现，其名下7家公司的注册资本少则1000万元、多则5000万元，总计达2.2亿元。</p><p style=\"border: 0px; margin-top: 0.63em; margin-bottom: 1.8em; padding: 0px; counter-reset: list-1 0 list-2 0 list-3 0 list-4 0 list-5 0 list-6 0 list-7 0 list-8 0 list-9 0; color: rgb(25, 25, 25); font-family: &#39;PingFang SC&#39;, Arial, 微软雅黑, 宋体, simsun, sans-serif; line-height: 30.4px; white-space: normal; background-color: rgb(255, 255, 255);\">关于袁巴元的身家，各方说法不一。有传闻称，袁巴元是资产雄厚的“十亿小开”，婚后和张雨绮住均价18万元/平米的上海高档小区华府天地。另有娱乐媒体报道，袁巴元和张雨绮曾在沪上知名豪宅汤臣一品出现过，该小区均为大户型，单价在20万元/平米左右。</p><p style=\"border: 0px; margin-top: 0.63em; margin-bottom: 1.8em; padding: 0px; counter-reset: list-1 0 list-2 0 list-3 0 list-4 0 list-5 0 list-6 0 list-7 0 list-8 0 list-9 0; color: rgb(25, 25, 25); font-family: &#39;PingFang SC&#39;, Arial, 微软雅黑, 宋体, simsun, sans-serif; line-height: 30.4px; white-space: normal; background-color: rgb(255, 255, 255);\"><span style=\"font-weight: 700; border: 0px; margin: 0px; padding: 0px;\">不过现在看来，传闻或许是一场笑话，人前还是高富帅人设，到了人后却是个欠钱不还的“老赖”。</span></p><p style=\"border: 0px; margin-top: 0.63em; margin-bottom: 1.8em; padding: 0px; counter-reset: list-1 0 list-2 0 list-3 0 list-4 0 list-5 0 list-6 0 list-7 0 list-8 0 list-9 0; color: rgb(25, 25, 25); font-family: &#39;PingFang SC&#39;, Arial, 微软雅黑, 宋体, simsun, sans-serif; line-height: 30.4px; white-space: normal; background-color: rgb(255, 255, 255);\">新婚不到一个月，袁巴元就被曝出“老赖”事件。浙江法院公开网“曝光台”显示，证件号码为“3306231973****0039”的“袁巴元”共有两笔借款纠纷，涉案金额分别为120.90万元、386.52万元。因此，袁巴元还被列入嵊州市人民法院关于开展“追赖大行动”的追逃名单。</p><p style=\"border: 0px; margin-top: 0.63em; margin-bottom: 1.8em; padding: 0px; counter-reset: list-1 0 list-2 0 list-3 0 list-4 0 list-5 0 list-6 0 list-7 0 list-8 0 list-9 0; color: rgb(25, 25, 25); font-family: &#39;PingFang SC&#39;, Arial, 微软雅黑, 宋体, simsun, sans-serif; line-height: 30.4px; white-space: normal; text-align: center; background-color: rgb(255, 255, 255);\"><img src=\"http://localhost:8080/crowd-web/ueditor/jsp/upload/image/20181012/1539332947530019956.jpg\"/></p><p style=\"border: 0px; margin-top: 0.63em; margin-bottom: 1.8em; padding: 0px; counter-reset: list-1 0 list-2 0 list-3 0 list-4 0 list-5 0 list-6 0 list-7 0 list-8 0 list-9 0; color: rgb(25, 25, 25); font-family: &#39;PingFang SC&#39;, Arial, 微软雅黑, 宋体, simsun, sans-serif; line-height: 30.4px; white-space: normal; text-align: center; background-color: rgb(255, 255, 255);\"><span style=\"border: 0px; margin: 0px; padding: 0px;\">▲</span><span style=\"border: 0px; margin: 0px; padding: 0px;\">袁巴元因借款纠纷被曝光。</span></p><p style=\"border: 0px; margin-top: 0.63em; margin-bottom: 1.8em; padding: 0px; counter-reset: list-1 0 list-2 0 list-3 0 list-4 0 list-5 0 list-6 0 list-7 0 list-8 0 list-9 0; color: rgb(25, 25, 25); font-family: &#39;PingFang SC&#39;, Arial, 微软雅黑, 宋体, simsun, sans-serif; line-height: 30.4px; white-space: normal; background-color: rgb(255, 255, 255);\">有知情人士透露，袁巴元有几个经济类案子握在律师手上，“2010年律师和法院执行庭的人还曾去上海追债，但因为各种原因没有成功，现在律师正在准备让案件恢复执行。”</p><p style=\"border: 0px; margin-top: 0.63em; margin-bottom: 1.8em; padding: 0px; counter-reset: list-1 0 list-2 0 list-3 0 list-4 0 list-5 0 list-6 0 list-7 0 list-8 0 list-9 0; color: rgb(25, 25, 25); font-family: &#39;PingFang SC&#39;, Arial, 微软雅黑, 宋体, simsun, sans-serif; line-height: 30.4px; white-space: normal; background-color: rgb(255, 255, 255);\">时隔一年，袁巴元再次陷入债务纠纷中。</p><p style=\"border: 0px; margin-top: 0.63em; margin-bottom: 1.8em; padding: 0px; counter-reset: list-1 0 list-2 0 list-3 0 list-4 0 list-5 0 list-6 0 list-7 0 list-8 0 list-9 0; color: rgb(25, 25, 25); font-family: &#39;PingFang SC&#39;, Arial, 微软雅黑, 宋体, simsun, sans-serif; line-height: 30.4px; white-space: normal; background-color: rgb(255, 255, 255);\">2017年9月，袁巴元被曝乘坐私人飞机去往新加坡赌博，欠下近1000万元赌债。赌场方面的律师事务所也出具了相关的欠款追讨律师函，表明在当年5月31日前，袁巴元必须偿还近1000万元赌债。</p><p style=\"border: 0px; margin-top: 0.63em; margin-bottom: 1.8em; padding: 0px; counter-reset: list-1 0 list-2 0 list-3 0 list-4 0 list-5 0 list-6 0 list-7 0 list-8 0 list-9 0; color: rgb(25, 25, 25); font-family: &#39;PingFang SC&#39;, Arial, 微软雅黑, 宋体, simsun, sans-serif; line-height: 30.4px; white-space: normal; background-color: rgb(255, 255, 255);\">一波未平一波又起，袁巴元的“否认欠赌债”声明发出不足3小时，欠债数亿的消息再度传出。</p><p style=\"border: 0px; margin-top: 0.63em; margin-bottom: 1.8em; padding: 0px; counter-reset: list-1 0 list-2 0 list-3 0 list-4 0 list-5 0 list-6 0 list-7 0 list-8 0 list-9 0; color: rgb(25, 25, 25); font-family: &#39;PingFang SC&#39;, Arial, 微软雅黑, 宋体, simsun, sans-serif; line-height: 30.4px; white-space: normal; background-color: rgb(255, 255, 255);\"><span style=\"font-weight: 700; border: 0px; margin: 0px; padding: 0px;\">袁巴元公司前员工爆料称，从2014年到2017年，包括工程拖欠和贷款，袁巴元总欠款达到了3.65亿元，豪宅和私人飞机都是租的，名下根本没有多少资金。</span></p><p style=\"border: 0px; margin-top: 0.63em; margin-bottom: 1.8em; padding: 0px; counter-reset: list-1 0 list-2 0 list-3 0 list-4 0 list-5 0 list-6 0 list-7 0 list-8 0 list-9 0; color: rgb(25, 25, 25); font-family: &#39;PingFang SC&#39;, Arial, 微软雅黑, 宋体, simsun, sans-serif; line-height: 30.4px; white-space: normal; background-color: rgb(255, 255, 255);\">在该名员工的陈述中，袁巴元的工程队拖欠包工头老杨的1000万元工程款近3年；银行方面，袁巴元拖欠交通银行贷款500万元，“万达小贷”700万-800万元，还有社会上的高利贷几百万元，其中，最大的一笔欠款是向中信申请的6500万元。</p><p style=\"border: 0px; margin-top: 0.63em; margin-bottom: 1.8em; padding: 0px; counter-reset: list-1 0 list-2 0 list-3 0 list-4 0 list-5 0 list-6 0 list-7 0 list-8 0 list-9 0; color: rgb(25, 25, 25); font-family: &#39;PingFang SC&#39;, Arial, 微软雅黑, 宋体, simsun, sans-serif; line-height: 30.4px; white-space: normal; background-color: rgb(255, 255, 255);\">“工地的施工进展一直不顺利，2017年春节前老杨来过公司索要欠款，他要的不多，只想先拿到千万欠款中的400万元给民工发工资过年。但由于袁巴元当时资金链很紧张，他并没有给予这笔欠款。”有知情人暗访被拖欠工程款的工地时，袁巴元前公司员工如此说道。</p><p style=\"border: 0px; margin-top: 0.63em; margin-bottom: 1.8em; padding: 0px; counter-reset: list-1 0 list-2 0 list-3 0 list-4 0 list-5 0 list-6 0 list-7 0 list-8 0 list-9 0; color: rgb(25, 25, 25); font-family: &#39;PingFang SC&#39;, Arial, 微软雅黑, 宋体, simsun, sans-serif; line-height: 30.4px; white-space: normal; background-color: rgb(255, 255, 255);\">对此，袁巴元再次发表声明否认欠款一事。事情真真假假，外人难辨，不过在中国裁判文书网上查到与袁巴元有关的案件共有三起，其中两起为员工向其名下的笕尚服饰追讨薪资的劳动合同纠纷案。</p><p style=\"border: 0px; margin-top: 0.63em; margin-bottom: 1.8em; padding: 0px; counter-reset: list-1 0 list-2 0 list-3 0 list-4 0 list-5 0 list-6 0 list-7 0 list-8 0 list-9 0; color: rgb(25, 25, 25); font-family: &#39;PingFang SC&#39;, Arial, 微软雅黑, 宋体, simsun, sans-serif; line-height: 30.4px; white-space: normal; text-align: center; background-color: rgb(255, 255, 255);\"><span style=\"border: 0px; margin: 0px; padding: 0px;\">高调炫富</span></p><p style=\"border: 0px; margin-top: 0.63em; margin-bottom: 1.8em; padding: 0px; counter-reset: list-1 0 list-2 0 list-3 0 list-4 0 list-5 0 list-6 0 list-7 0 list-8 0 list-9 0; color: rgb(25, 25, 25); font-family: &#39;PingFang SC&#39;, Arial, 微软雅黑, 宋体, simsun, sans-serif; line-height: 30.4px; white-space: normal; background-color: rgb(255, 255, 255);\"><span style=\"border: 0px; margin: 0px; padding: 0px;\">近些年在演艺圈风生水起的张雨绮，本身并不缺钱。能在认识70天就闪婚，也许并非冲着袁巴元的钱而去。只是当<span style=\"border: 0px; margin: 0px; padding: 0px;\">袁巴元的财富状况渐渐浮出水面，才引爆了张雨绮的怒火。</span></span></p><p style=\"border: 0px; margin-top: 0.63em; margin-bottom: 1.8em; padding: 0px; counter-reset: list-1 0 list-2 0 list-3 0 list-4 0 list-5 0 list-6 0 list-7 0 list-8 0 list-9 0; color: rgb(25, 25, 25); font-family: &#39;PingFang SC&#39;, Arial, 微软雅黑, 宋体, simsun, sans-serif; line-height: 30.4px; white-space: normal; background-color: rgb(255, 255, 255);\">大众印象中的张雨绮，做派一贯泼辣直爽，风风火火地眼里揉不得沙子，与电视剧《延禧攻略》里“天生脾气暴躁不好惹”的魏璎珞有得一拼。</p><p style=\"border: 0px; margin-top: 0.63em; margin-bottom: 1.8em; padding: 0px; counter-reset: list-1 0 list-2 0 list-3 0 list-4 0 list-5 0 list-6 0 list-7 0 list-8 0 list-9 0; color: rgb(25, 25, 25); font-family: &#39;PingFang SC&#39;, Arial, 微软雅黑, 宋体, simsun, sans-serif; line-height: 30.4px; white-space: normal; background-color: rgb(255, 255, 255);\">据媒体报道，昔日，张雨绮与汪小菲交往，两人吵架时，曾在家里对抽耳光；也曾当街逼停前夫王全安的车，并狠踹车门，吓得对方紧锁车窗门、不敢下车。</p><p style=\"border: 0px; margin-top: 0.63em; margin-bottom: 1.8em; padding: 0px; counter-reset: list-1 0 list-2 0 list-3 0 list-4 0 list-5 0 list-6 0 list-7 0 list-8 0 list-9 0; color: rgb(25, 25, 25); font-family: &#39;PingFang SC&#39;, Arial, 微软雅黑, 宋体, simsun, sans-serif; line-height: 30.4px; white-space: normal; background-color: rgb(255, 255, 255);\">而对于常有的“眼瞎挑中渣男”的言论，在网综《吐槽大会》上，张雨绮直接怼了回去，“是的，我选男人的眼光也许确实不行，但没关系，我自己很行啊。”</p><p style=\"border: 0px; margin-top: 0.63em; margin-bottom: 1.8em; padding: 0px; counter-reset: list-1 0 list-2 0 list-3 0 list-4 0 list-5 0 list-6 0 list-7 0 list-8 0 list-9 0; color: rgb(25, 25, 25); font-family: &#39;PingFang SC&#39;, Arial, 微软雅黑, 宋体, simsun, sans-serif; line-height: 30.4px; white-space: normal; text-align: center; background-color: rgb(255, 255, 255);\"><img src=\"http://localhost:8080/crowd-web/ueditor/jsp/upload/image/20181012/1539332947550090206.jpg\"/></p><p style=\"border: 0px; margin-top: 0.63em; margin-bottom: 1.8em; padding: 0px; counter-reset: list-1 0 list-2 0 list-3 0 list-4 0 list-5 0 list-6 0 list-7 0 list-8 0 list-9 0; color: rgb(25, 25, 25); font-family: &#39;PingFang SC&#39;, Arial, 微软雅黑, 宋体, simsun, sans-serif; line-height: 30.4px; white-space: normal; text-align: center; background-color: rgb(255, 255, 255);\"><span style=\"border: 0px; margin: 0px; padding: 0px;\">▲</span><span style=\"border: 0px; margin: 0px; padding: 0px;\">张雨绮在《吐槽大会》上自嘲。</span></p><p style=\"border: 0px; margin-top: 0.63em; margin-bottom: 1.8em; padding: 0px; counter-reset: list-1 0 list-2 0 list-3 0 list-4 0 list-5 0 list-6 0 list-7 0 list-8 0 list-9 0; color: rgb(25, 25, 25); font-family: &#39;PingFang SC&#39;, Arial, 微软雅黑, 宋体, simsun, sans-serif; line-height: 30.4px; white-space: normal; background-color: rgb(255, 255, 255);\">就张雨绮而言，她确实有足够的资本，“有钱有身材，追我的人从这排到法国。”</p><p style=\"border: 0px; margin-top: 0.63em; margin-bottom: 1.8em; padding: 0px; counter-reset: list-1 0 list-2 0 list-3 0 list-4 0 list-5 0 list-6 0 list-7 0 list-8 0 list-9 0; color: rgb(25, 25, 25); font-family: &#39;PingFang SC&#39;, Arial, 微软雅黑, 宋体, simsun, sans-serif; line-height: 30.4px; white-space: normal; background-color: rgb(255, 255, 255);\">2002年，家境贫寒的张雨绮拍摄肯德基广告，被周星驰看中，得以签约星辉公司成为初代星女郎。4年后，19岁的张雨绮凭借电影《长江七号》中的袁老师一角成功走红，迎来片约、广告代言、商业活动接踵而至的春天。</p><p style=\"border: 0px; margin-top: 0.63em; margin-bottom: 1.8em; padding: 0px; counter-reset: list-1 0 list-2 0 list-3 0 list-4 0 list-5 0 list-6 0 list-7 0 list-8 0 list-9 0; color: rgb(25, 25, 25); font-family: &#39;PingFang SC&#39;, Arial, 微软雅黑, 宋体, simsun, sans-serif; line-height: 30.4px; white-space: normal; background-color: rgb(255, 255, 255);\">2007年，她拍完冯德伦导演的电影《跳出去》以及3个广告代言后，又与导演徐克及周迅、桂纶镁合作电影《女人不坏》，行情之好令人惊叹。据香港媒体曝光，此时的张雨绮代言身价已达8位数。</p><p style=\"border: 0px; margin-top: 0.63em; margin-bottom: 1.8em; padding: 0px; counter-reset: list-1 0 list-2 0 list-3 0 list-4 0 list-5 0 list-6 0 list-7 0 list-8 0 list-9 0; color: rgb(25, 25, 25); font-family: &#39;PingFang SC&#39;, Arial, 微软雅黑, 宋体, simsun, sans-serif; line-height: 30.4px; white-space: normal; background-color: rgb(255, 255, 255);\">同年的12月，张雨绮亮相广州拍摄由她代言的某品牌广告，谈及身价，张雨绮不置可否，“反正够我买房子了！”至于是在香港还是在上海买房子，她表示，“看情况，反正两地房价都不便宜。”</p><p style=\"border: 0px; margin-top: 0.63em; margin-bottom: 1.8em; padding: 0px; counter-reset: list-1 0 list-2 0 list-3 0 list-4 0 list-5 0 list-6 0 list-7 0 list-8 0 list-9 0; color: rgb(25, 25, 25); font-family: &#39;PingFang SC&#39;, Arial, 微软雅黑, 宋体, simsun, sans-serif; line-height: 30.4px; white-space: normal; background-color: rgb(255, 255, 255);\"><span style=\"font-weight: 700; border: 0px; margin: 0px; padding: 0px;\">2010年，对于张雨绮来说，则是个难以忘记的年份。</span></p><p style=\"border: 0px; margin-top: 0.63em; margin-bottom: 1.8em; padding: 0px; counter-reset: list-1 0 list-2 0 list-3 0 list-4 0 list-5 0 list-6 0 list-7 0 list-8 0 list-9 0; color: rgb(25, 25, 25); font-family: &#39;PingFang SC&#39;, Arial, 微软雅黑, 宋体, simsun, sans-serif; line-height: 30.4px; white-space: normal; background-color: rgb(255, 255, 255);\">这一年，张雨绮认识了王全安，并挑起由其导演的《白鹿原》的女主大梁，饰演纯朴、善良、无助、无辜而又劣迹斑斑的田小娥，借此收获人生第一个影视奖项——第8届中美电影节最佳女主角奖。</p><p><br/></p>', '2018-10-12 16:29:22', NULL, 2, '张雨绮11', NULL, NULL, 1, 9, 2, NULL);
INSERT INTO `d_news` VALUES (18, '国华融资产管理', NULL, '<p style=\"margin-top: 0px; margin-bottom: 25px; padding: 0px; text-indent: 28px; font-size: 14px; text-align: justify; word-wrap: break-word; word-break: normal; color: rgb(43, 43, 43); font-family: simsun, arial, helvetica, clean, sans-serif; line-height: 24px; white-space: normal; background-color: rgb(255, 255, 255);\">被宣布接受审查调查六个月后，中国华融资产管理股份有限公司原党委书记、董事长赖小民严重违纪违法问题尘埃落定，向社会公布。违反政治纪律、组织纪律、廉洁纪律、工作纪律，违反中央八项规定精神，涉嫌受贿犯罪、贪污犯罪……赖小民被开除党籍和公职，再次清楚地表明，全面从严治党没有松，反腐败高压态势没有变，任何不收敛、不收手者都将受到严肃处理，付出沉重代价！</p><p style=\"margin-top: 0px; margin-bottom: 25px; padding: 0px; text-indent: 28px; font-size: 14px; text-align: justify; word-wrap: break-word; word-break: normal; color: rgb(43, 43, 43); font-family: simsun, arial, helvetica, clean, sans-serif; line-height: 24px; white-space: normal; background-color: rgb(255, 255, 255);\">从中央纪委通报看，赖小民的问题十分严重，一些细节更是触目惊心——搞政治投机，捞取政治资本；讲排场、摆阔气，挥霍浪费国家财产；任人唯权、任人唯利、任人唯圈，严重污染企业政治生态；理想信念完全丧失，党性原则荡然无存，擅权妄为、腐化堕落、道德败坏、生活奢靡，甘于被“围猎”……通报称其“群众反映特别强烈、腐败问题特别严重、性质特别恶劣”。根据新修订的《中国共产党纪律处分条例》，要重点查处“党的十八大以来不收敛、不收手，问题线索反映集中、群众反映强烈，政治问题和经济问题交织的腐败案件，违反中央八项规定精神的问题”，而这里面所有的点，赖小民都“踩”了个遍。</p><p style=\"margin-top: 0px; margin-bottom: 25px; padding: 0px; text-indent: 28px; font-size: 14px; text-align: justify; word-wrap: break-word; word-break: normal; color: rgb(43, 43, 43); font-family: simsun, arial, helvetica, clean, sans-serif; line-height: 24px; white-space: normal; background-color: rgb(255, 255, 255);\">踩红线，必受惩。党的十八大以来，全面从严治党成效卓著，在“没有规律可循”、力度从未减弱的打虎重拳之下，多少腐败分子栽在了“侥幸”上，在全党全社会形成了强大震慑。但时至今日，仍然有诸如赖小民等人，不收敛、不收手，毫无顾忌、不知敬畏、变本加厉。纵观近期被处分的高级干部，除赖小民外，财政部原党组副书记、副部长张少春，贵州省委原常委、省政府原副省长王晓光，国家能源局原党组成员、副局长王晓林等人，其违纪违法问题“各有爆点”，但都存在几个鲜明的共同特点：甘于被“围猎”，在党的十八大后不收敛、不收手，政治问题与经济问题相互交织，严重违反中央八项规定精神……这些都表明，当前反腐败斗争形势依然严峻复杂，特别是政治问题和经济问题相互交织、区域性腐败和领域性腐败相互交织、用人腐败和用权腐败相互交织、“围猎”和甘于被“围猎”相互交织等问题依然突出……反腐败斗争还远远不到鸣金收兵的时候，全面从严治党绝对不能松，只能越来越紧。</p><p style=\"margin-top: 0px; margin-bottom: 25px; padding: 0px; text-indent: 28px; font-size: 14px; text-align: justify; word-wrap: break-word; word-break: normal; color: rgb(43, 43, 43); font-family: simsun, arial, helvetica, clean, sans-serif; line-height: 24px; white-space: normal; background-color: rgb(255, 255, 255);\">“要坚持无禁区、全覆盖、零容忍，坚持重遏制、强高压、长震慑，坚持受贿行贿一起查，坚决防止党内形成利益集团。”党的十九大开幕式上，习近平总书记向全党全社会作出庄严承诺。一年来，这个承诺始终在兑现——截至目前，中央纪委国家监委网站通报的落马中管干部当中，有省区市党委政府领导班子成员，有中央国家机关负责人，也有国有企业领导人员。但无论处于何种岗位、何时犯下问题、犯下何种问题，在党中央全面从严治党的坚定决心和鲜明立场之下，任何人都要为自己的违纪违法行为“埋单”。</p><p style=\"margin-top: 0px; margin-bottom: 25px; padding: 0px; text-indent: 28px; font-size: 14px; text-align: justify; word-wrap: break-word; word-break: normal; color: rgb(43, 43, 43); font-family: simsun, arial, helvetica, clean, sans-serif; line-height: 24px; white-space: normal; background-color: rgb(255, 255, 255);\">全面从严治党永远在路上。面对依然严峻复杂的反腐败斗争形势，必须持续保持反腐败高压态势，坚决惩治不收敛、不收手，把遏制增量抓到</p><p><br/></p>', '2018-10-16 14:21:18', NULL, 4, '国华融资产管理', NULL, NULL, 0, 1, 1, NULL);
INSERT INTO `d_news` VALUES (19, '控视频', NULL, '<p style=\"margin-top: 0px; margin-bottom: 25px; padding: 0px; text-indent: 28px; font-size: 14px; text-align: justify; word-wrap: break-word; word-break: normal; color: rgb(43, 43, 43); font-family: simsun, arial, helvetica, clean, sans-serif; line-height: 24px; white-space: normal; background-color: rgb(255, 255, 255);\">搜寻工作不曾中断，胡家人一直找到凌晨4点都不见人影。西西的姑姑说：“当时什么都不敢想。”胡国华也害怕绑匪会像电影里那样，没拿到赎金就直接撕票，“时间过得越久就越害怕”。</p><p style=\"margin-top: 0px; margin-bottom: 25px; padding: 0px; text-indent: 28px; font-size: 14px; text-align: justify; word-wrap: break-word; word-break: normal; color: rgb(43, 43, 43); font-family: simsun, arial, helvetica, clean, sans-serif; line-height: 24px; white-space: normal; background-color: rgb(255, 255, 255);\">直到派出所的一通电话，告诉大家“孩子找到了”，一大家子人终于放下了心。</p><p style=\"margin-top: 0px; margin-bottom: 25px; padding: 0px; text-indent: 28px; font-size: 14px; text-align: justify; word-wrap: break-word; word-break: normal; color: rgb(43, 43, 43); font-family: simsun, arial, helvetica, clean, sans-serif; line-height: 24px; white-space: normal; background-color: rgb(255, 255, 255);\"><strong>警方逐帧逐秒查看监控视频</strong></p><p style=\"margin-top: 0px; margin-bottom: 25px; padding: 0px; text-indent: 28px; font-size: 14px; text-align: justify; word-wrap: break-word; word-break: normal; color: rgb(43, 43, 43); font-family: simsun, arial, helvetica, clean, sans-serif; line-height: 24px; white-space: normal; background-color: rgb(255, 255, 255);\"><strong>8小时火速破案</strong></p><p style=\"margin-top: 0px; margin-bottom: 25px; padding: 0px; text-indent: 28px; font-size: 14px; text-align: justify; word-wrap: break-word; word-break: normal; color: rgb(43, 43, 43); font-family: simsun, arial, helvetica, clean, sans-serif; line-height: 24px; white-space: normal; background-color: rgb(255, 255, 255);\">确定西西遭到绑架，警方成立了侦查小组，以西西消失的地方为圆心展开视频追踪，逐帧逐秒查看视频画面，并在高速口、省道等主要出入通道设置了11个卡点，防止犯罪嫌疑人外逃。</p><p class=\"detailPic\" style=\"margin: 0px auto; padding: 0px; text-indent: 28px; font-size: 14px; text-align: center; word-wrap: break-word; word-break: normal; color: rgb(43, 43, 43); font-family: simsun, arial, helvetica, clean, sans-serif; line-height: 24px; white-space: normal; background-color: rgb(255, 255, 255);\"><img class=\"slimg\" src=\"http://localhost:8080/crowd-web/ueditor/jsp/upload/image/20181016/1539692081715076864.jpg\"/></p><p style=\"margin-top: 0px; margin-bottom: 25px; padding: 0px; text-indent: 28px; font-size: 14px; text-align: justify; word-wrap: break-word; word-break: normal; color: rgb(43, 43, 43); font-family: simsun, arial, helvetica, clean, sans-serif; line-height: 24px; white-space: normal; background-color: rgb(255, 255, 255);\">最终在第二天凌晨3点，案件有了重大突破：警方在监控视频中看到疑似绑架男娃的画面，并且发现了犯罪嫌人的可疑车辆。随即警方锁定了作案车辆，初步确认了疑似藏匿绑架儿童的三处地点。</p><p style=\"margin-top: 0px; margin-bottom: 25px; padding: 0px; text-indent: 28px; font-size: 14px; text-align: justify; word-wrap: break-word; word-break: normal; color: rgb(43, 43, 43); font-family: simsun, arial, helvetica, clean, sans-serif; line-height: 24px; white-space: normal; background-color: rgb(255, 255, 255);\">对三处地点进行排查评估后，警方基本认定西西在犯罪嫌疑人的作案车辆当中。凌晨5点30分，警方来到作案车辆所在的地下停车场。嫌疑人当时坐在驾驶座上，正靠着放下来的椅背睡觉。</p><p style=\"margin-top: 0px; margin-bottom: 25px; padding: 0px; text-indent: 28px; font-size: 14px; text-align: justify; word-wrap: break-word; word-break: normal; color: rgb(43, 43, 43); font-family: simsun, arial, helvetica, clean, sans-serif; line-height: 24px; white-space: normal; background-color: rgb(255, 255, 255);\">为了保证西西的安全，警方从驾驶座一侧破窗而入，</p><p><br/></p>', '2018-10-16 20:14:52', NULL, 4, '控视频', NULL, NULL, 0, 1, 1, NULL);
INSERT INTO `d_news` VALUES (20, '最终', NULL, '<p style=\"margin-top: 0px; margin-bottom: 25px; padding: 0px; text-indent: 28px; font-size: 14px; text-align: justify; word-wrap: break-word; word-break: normal; color: rgb(43, 43, 43); font-family: simsun, arial, helvetica, clean, sans-serif; line-height: 24px; white-space: normal; background-color: rgb(255, 255, 255);\">最终在第二天凌晨3点，案件有了重大突破：警方在监控视频中看到疑似绑架男娃的画面，并且发现了犯罪嫌人的可疑车辆。随即警方锁定了作案车辆，初步确认了疑似藏匿绑架儿童的三处地点。</p><p style=\"margin-top: 0px; margin-bottom: 25px; padding: 0px; text-indent: 28px; font-size: 14px; text-align: justify; word-wrap: break-word; word-break: normal; color: rgb(43, 43, 43); font-family: simsun, arial, helvetica, clean, sans-serif; line-height: 24px; white-space: normal; background-color: rgb(255, 255, 255);\">对三处地点进行排查评估后，警方基本认定西西在犯罪嫌疑人的作案车辆当中。凌晨5点30分，警方来到作案车辆所在的地下停车场。嫌疑人当时坐在驾驶座上，正靠着放下来的椅背睡觉。</p><p style=\"margin-top: 0px; margin-bottom: 25px; padding: 0px; text-indent: 28px; font-size: 14px; text-align: justify; word-wrap: break-word; word-break: normal; color: rgb(43, 43, 43); font-family: simsun, arial, helvetica, clean, sans-serif; line-height: 24px; white-space: normal; background-color: rgb(255, 255, 255);\">为了保证西西的安全，警方从驾驶座一侧破窗而入，开展抓捕和解救工作。被解救时，西西正躺在后座呼呼大睡。</p><p class=\"detailPic\" style=\"margin: 0px auto; padding: 0px; text-indent: 28px; font-size: 14px; text-align: center; word-wrap: break-word; word-break: normal; color: rgb(43, 43, 43); font-family: simsun, arial, helvetica, clean, sans-serif; line-height: 24px; white-space: normal; background-color: rgb(255, 255, 255);\"><img class=\"slimg\" src=\"http://localhost:8080/crowd-web/ueditor/jsp/upload/image/20181016/1539692391946040668.jpg\"/></p><p style=\"margin-top: 0px; margin-bottom: 25px; padding: 0px; text-indent: 28px; font-size: 14px; text-align: justify; word-wrap: break-word; word-break: normal; color: rgb(43, 43, 43); font-family: simsun, arial, helvetica, clean, sans-serif; line-height: 24px; white-space: normal; background-color: rgb(255, 255, 255);\">绑匪捆住了孩子的手脚，还用胶布粘住了他的嘴。因为绑匪不让下车，西西的大小便也全拉在了身上。看到孩子手腕上有明显的勒痕和瘀青，家人心疼得掉泪。</p><p><br/></p>', '2018-10-16 20:20:05', NULL, 4, '最终', NULL, NULL, 0, 8, 3, NULL);
INSERT INTO `d_news` VALUES (21, '嫌疑人', NULL, '<p style=\"margin-top: 0px; margin-bottom: 25px; padding: 0px; text-indent: 28px; font-size: 14px; text-align: justify; word-wrap: break-word; word-break: normal; color: rgb(43, 43, 43); font-family: simsun, arial, helvetica, clean, sans-serif; line-height: 24px; white-space: normal; background-color: rgb(255, 255, 255);\">嫌疑人王某今年40岁，从事水电工作二十多年，手艺还不错。从2006年开始，王某做起了“包工头”，长期在临安、余杭、绍兴、上海等地承包水电工程。据王某说，巅峰时期自己手下能有七八十名工人。</p><p style=\"margin-top: 0px; margin-bottom: 25px; padding: 0px; text-indent: 28px; font-size: 14px; text-align: justify; word-wrap: break-word; word-break: normal; color: rgb(43, 43, 43); font-family: simsun, arial, helvetica, clean, sans-serif; line-height: 24px; white-space: normal; background-color: rgb(255, 255, 255);\">可是好景不长，从2014年开始，王某的生意越来越难做，从银行和亲戚朋友那里借来垫资的钱还不上，手下的十几个工人的工钱结不了。截至今年10月，王某已经欠下三十余万元。</p><p style=\"margin-top: 0px; margin-bottom: 25px; padding: 0px; text-indent: 28px; font-size: 14px; text-align: justify; word-wrap: break-word; word-break: normal; color: rgb(43, 43, 43); font-family: simsun, arial, helvetica, clean, sans-serif; line-height: 24px; white-space: normal; background-color: rgb(255, 255, 255);\">为了躲避债务，也不给家人带来困扰，王某已经一个多月不敢回家睡觉，到了晚上就把车开到天桥底下，直接睡在车里。重压之下的王某最终铤而走险。</p><p class=\"detailPic\" style=\"margin: 0px auto; padding: 0px; text-indent: 28px; font-size: 14px; text-align: center; word-wrap: break-word; word-break: normal; color: rgb(43, 43, 43); font-family: simsun, arial, helvetica, clean, sans-serif; line-height: 24px; white-space: normal; background-color: rgb(255, 255, 255);\"><img class=\"slimg\" src=\"http://localhost:8080/crowd-web/ueditor/jsp/upload/image/20181016/1539692703078098591.jpg\"/></p><p style=\"margin-top: 0px; margin-bottom: 25px; padding: 0px; text-indent: 28px; font-size: 14px; text-align: justify; word-wrap: break-word; word-break: normal; color: rgb(43, 43, 43); font-family: simsun, arial, helvetica, clean, sans-serif; line-height: 24px; white-space: normal; background-color: rgb(255, 255, 255);\">13日晚，王某在完马桥小广场附近时，看到身穿名牌乔丹卫衣和耐克裤子、长得白白净净的西西，觉得他家境应该不错，于是临时起意进行了绑架。</p><p><br/></p>', '2018-10-16 20:25:13', NULL, 1, '嫌疑人', NULL, NULL, 1, 8, 3, NULL);
INSERT INTO `d_news` VALUES (24, 'add的', NULL, '<p><img src=\"http://localhost:8080/crowd-web/ueditor/jsp/upload/image/20181016/1539694134049038139.jpg\"/></p>', '2018-10-16 20:49:10', NULL, 1, 'add的', NULL, NULL, 1, 8, 3, NULL);
INSERT INTO `d_news` VALUES (25, '澳大利亚', NULL, '<p class=\"detailPic\" style=\"margin: 0px auto; padding: 0px; text-indent: 28px; font-size: 14px; text-align: center; word-wrap: break-word; word-break: normal; color: rgb(43, 43, 43); font-family: simsun, arial, helvetica, clean, sans-serif; line-height: 24px; white-space: normal; background-color: rgb(255, 255, 255);\"><img alt=\"\" src=\"http://localhost:8080/crowd-web/ueditor/jsp/upload/image/20181016/1539694281981001629.jpg\"/></p><p class=\"picIntro\" style=\"margin-top: 0px; margin-bottom: 25px; padding: 0px; text-indent: 28px; font-size: 14px; text-align: center; word-wrap: break-word; word-break: normal; font-family: 楷体_gb2312, 楷体; color: rgb(43, 43, 43); line-height: 24px; white-space: normal; background-color: rgb(255, 255, 255);\">资料图：澳大利亚总理莫里森来源：彭博社</p><p style=\"margin-top: 0px; margin-bottom: 25px; padding: 0px; text-indent: 28px; font-size: 14px; text-align: justify; word-wrap: break-word; word-break: normal; color: rgb(43, 43, 43); font-family: simsun, arial, helvetica, clean, sans-serif; line-height: 24px; white-space: normal; background-color: rgb(255, 255, 255);\">原标题：效仿美国？ 澳大利亚考虑将驻以使馆迁至耶路撒冷</p><p style=\"margin-top: 0px; margin-bottom: 25px; padding: 0px; text-indent: 28px; font-size: 14px; text-align: justify; word-wrap: break-word; word-break: normal; color: rgb(43, 43, 43); font-family: simsun, arial, helvetica, clean, sans-serif; line-height: 24px; white-space: normal; background-color: rgb(255, 255, 255);\">【环球网报道记者左甜】美国彭博社16日消息，澳大利亚正在考虑将其驻以色列大使馆迁至耶路撒冷。</p><p style=\"margin-top: 0px; margin-bottom: 25px; padding: 0px; text-indent: 28px; font-size: 14px; text-align: justify; word-wrap: break-word; word-break: normal; color: rgb(43, 43, 43); font-family: simsun, arial, helvetica, clean, sans-serif; line-height: 24px; white-space: normal; background-color: rgb(255, 255, 255);\">“澳大利亚对这件事应持开放态度。”周二（16日），澳大利亚总理</p><p><br/></p>', '2018-10-16 20:51:30', NULL, 4, '澳大利亚', NULL, NULL, 0, 9, 2, NULL);
INSERT INTO `d_news` VALUES (27, '孝敬父母', NULL, '<p style=\"margin-top: 0px; margin-bottom: 0px; padding: 5px 10px; color: rgb(51, 51, 51); letter-spacing: 1px; line-height: 30px; font-family: 微软雅黑; white-space: normal; background-color: rgb(238, 242, 246);\"><strong>孝敬父母</strong></p><p style=\"margin-top: 0px; margin-bottom: 0px; padding: 5px 10px; color: rgb(51, 51, 51); letter-spacing: 1px; line-height: 30px; font-family: 微软雅黑; white-space: normal; background-color: rgb(238, 242, 246);\">　　习近平的母亲齐心在《忆仲勋》一文中，回忆这样一件事：那是2001年10月15日，家人为习仲勋举办88岁寿宴，时任福建省省长的习近平因公务繁忙难以脱身，他抱愧给父亲写了一封拜寿信。习近平在信中深情地写道：“自我呱呱落地以来，已随父母相伴四十八年，对父母的认知也和对父母的感情一样，久而弥深”，“从父亲这里继承和吸取的高尚品质很多”。</p><p style=\"margin-top: 0px; margin-bottom: 0px; padding: 5px 10px; color: rgb(51, 51, 51); letter-spacing: 1px; line-height: 30px; font-family: 微软雅黑; white-space: normal; background-color: rgb(238, 242, 246);\">　　新华社发表的《“人民群众是我们力量的源泉”--记中共中央总书记习近平》一文中曾透露，尽管公务繁忙，每当有时间一起吃饭后，习近平都会拉着母亲的手散步，陪她聊天。</p><p style=\"margin-top: 0px; margin-bottom: 0px; padding: 5px 10px; color: rgb(51, 51, 51); letter-spacing: 1px; line-height: 30px; font-family: 微软雅黑; white-space: normal; text-align: center; background-color: rgb(238, 242, 246);\"><img src=\"http://localhost:8080/crowd-web/ueditor/jsp/upload/image/20181017/1539780536313051681.png\"/></p><p style=\"margin-top: 0px; margin-bottom: 0px; padding: 5px 10px; color: rgb(51, 51, 51); letter-spacing: 1px; line-height: 30px; font-family: 微软雅黑; white-space: normal; background-color: rgb(238, 242, 246);\">　　在他的书架上，摆着两张照片：一张是他与家人推着轮椅上的父亲，另一张是他牵母亲的手散步。孝敬父母，习近平无论职位变化，都一直始终如一。</p><p><br/></p>', '2018-10-17 20:49:11', NULL, 4, '孝敬父母', NULL, NULL, 0, 9, 2, NULL);
INSERT INTO `d_news` VALUES (28, '秦朔', NULL, '<p style=\"margin-top: 15px; margin-bottom: 15px; padding: 0px; font-size: 14px; line-height: 23px; color: rgb(51, 51, 51); font-family: &#39;Microsoft YaHei&#39;, 微软雅黑, SimSun, 宋体; white-space: normal; background-color: rgb(255, 255, 255);\">文/新浪财经意见领袖（微信公众号kopleader）专栏作家 秦朔</p><p style=\"margin-top: 15px; margin-bottom: 15px; padding: 0px; font-size: 14px; line-height: 23px; color: rgb(51, 51, 51); font-family: &#39;Microsoft YaHei&#39;, 微软雅黑, SimSun, 宋体; white-space: normal; background-color: rgb(255, 255, 255);\">　　<span style=\"font-family: KaiTi_GB2312, KaiTi;\">中国是从高度统一和相对封闭的计划经济体制开始进行改革开放的，政府在这一过程中发挥了重要的不可或缺的作用。</span></p><p><img src=\"http://localhost:8080/crowd-web/ueditor/jsp/upload/image/20181023/1540272337985034525.jpg\" alt=\"\"/><span class=\"img_descr\" style=\"padding: 6px 0px; margin: 5px auto; display: inline-block; zoom: 1; text-align: left;\"></span></p><p style=\"margin-top: 15px; margin-bottom: 15px; padding: 0px; font-size: 14px; line-height: 23px; color: rgb(51, 51, 51); font-family: &#39;Microsoft YaHei&#39;, 微软雅黑, SimSun, 宋体; white-space: normal; background-color: rgb(255, 255, 255);\">　　中美贸易争端已有数月。冰冻三尺非一日之寒，要解决两国经贸关系多年形成的结构性问题需要时间。而在美国政府的单边主义和保护主义政策影响下，两国关系可能进入一个合作与竞争并存、新问题新矛盾不断涌现的新时期。正如一些国际有识之士指出的，中方面对美国的恣意妄为，已不屑于实施“以牙还牙”的直接报复，而是着力通过释放自身潜力渡过难关。</p><p style=\"margin-top: 15px; margin-bottom: 15px; padding: 0px; font-size: 14px; line-height: 23px; color: rgb(51, 51, 51); font-family: &#39;Microsoft YaHei&#39;, 微软雅黑, SimSun, 宋体; white-space: normal; background-color: rgb(255, 255, 255);\">　　<strong>中国经济的发展究竟靠什么？</strong></p><p><br/></p>', '2018-10-23 13:25:43', NULL, 1, '秦朔', NULL, NULL, 1, NULL, 1, NULL);
INSERT INTO `d_news` VALUES (29, '房地产行业', NULL, '<p style=\"margin-top: 15px; margin-bottom: 15px; padding: 0px; font-size: 14px; line-height: 23px; color: rgb(51, 51, 51); font-family: &#39;Microsoft YaHei&#39;, 微软雅黑, SimSun, 宋体; white-space: normal; background-color: rgb(255, 255, 255);\"><span style=\"font-family: KaiTi_GB2312, KaiTi;\">随着房地产行业的发展，其资金密集型的特点愈加明显。行业的头部效应也越来越强，一些头部企业吸纳了包括商业银行在内的各种融资渠道的绝大部分资金，那些小规模房企的生存环境进一步恶化，最终很可能走向消亡。</span></p><p><img src=\"http://localhost:8080/crowd-web/ueditor/jsp/upload/image/20181023/1540300380420052324.jpg\" alt=\"\"/><span class=\"img_descr\" style=\"padding: 6px 0px; margin: 5px auto; display: inline-block; zoom: 1; text-align: left;\"></span></p><p style=\"margin-top: 15px; margin-bottom: 15px; padding: 0px; font-size: 14px; line-height: 23px; color: rgb(51, 51, 51); font-family: &#39;Microsoft YaHei&#39;, 微软雅黑, SimSun, 宋体; white-space: normal; background-color: rgb(255, 255, 255);\">　　九月底，万科在深圳大梅沙召开秋季例会，会议主题却是“活下去”，随后，万科开始在多个城市开展降价促销活动，“厦门万科白鹭郡五折甩卖”的消息更是引爆了市场舆论。</p><p style=\"margin-top: 15px; margin-bottom: 15px; padding: 0px; font-size: 14px; line-height: 23px; color: rgb(51, 51, 51); font-family: &#39;Microsoft YaHei&#39;, 微软雅黑, SimSun, 宋体; white-space: normal; background-color: rgb(255, 255, 255);\">　　很多人在震惊之余，会觉得这一幕似曾相识，十年前的2008年，王石提出“拐点论”后，万科率先降价，掀起楼市降价风暴。但结果是，经过2009年的短暂“沉寂”，万科在2010年的房地产调控中逆势崛起，成为国内首家突破1000亿元的房地产企业。</p><p style=\"margin-top: 15px; margin-bottom: 15px; padding: 0px; font-size: 14px; line-height: 23px; color: rgb(51, 51, 51); font-family: &#39;Microsoft YaHei&#39;, 微软雅黑, SimSun, 宋体; white-space: normal; background-color: rgb(255, 255, 255);\">　　这两年，政府逐渐加强对房地产市场的管控，调控手段也更加直接，政策力度明显大于从前。同时，政府大力推动的国企混合制改革、租售并举、房产税等政策，使得房地产行业外部环境日益严峻，市场竞争越加激烈。如万科总裁郁亮所说，房地产行业已告别了黄金发展的时代，正式步入白银时代。</p><p><br/></p>', '2018-10-23 21:13:14', NULL, 1, '新浪', NULL, NULL, 1, NULL, 1, NULL);
INSERT INTO `d_news` VALUES (30, '中国民用卫星拍美航母高清视频', NULL, '<p style=\"margin-top: 0px; margin-bottom: 18px; padding: 0px; color: rgb(77, 79, 83); font-family: &#39;Microsoft Yahei&#39;, &#39;\\\\5FAE软雅黑&#39;, &#39;STHeiti Light&#39;, &#39;\\\\534E文细黑&#39;, SimSun, &#39;\\\\5B8B体&#39;, Arial, sans-serif; font-size: 18px; letter-spacing: 1px; line-height: 32px; white-space: normal; background-color: rgb(255, 255, 255);\">最近网上流传的一段30秒的视频令广大军友激动万分。</p><p style=\"margin-top: 0px; margin-bottom: 18px; padding: 0px; color: rgb(77, 79, 83); font-family: &#39;Microsoft Yahei&#39;, &#39;\\\\5FAE软雅黑&#39;, &#39;STHeiti Light&#39;, &#39;\\\\534E文细黑&#39;, SimSun, &#39;\\\\5B8B体&#39;, Arial, sans-serif; font-size: 18px; letter-spacing: 1px; line-height: 32px; white-space: normal; background-color: rgb(255, 255, 255);\">　　长光卫星官方微博发布了一条视频，视频当中的主角是一艘美国海军的“尼米兹”级核动力航母，此时它正在拖船的帮助下缓缓地进入圣地亚哥军港。</p><p><img src=\"http://localhost:8080/crowd-web/ueditor/jsp/upload/image/20181024/1540350388340026523.jpg\" alt=\"\"/><span class=\"img_descr\" style=\"margin: 5px auto; padding: 6px 0px; line-height: 20px; font-size: 16px; display: inline-block; zoom: 1; text-align: left; font-weight: 700;\"></span></p><p style=\"margin-top: 0px; margin-bottom: 18px; padding: 0px; color: rgb(77, 79, 83); font-family: &#39;Microsoft Yahei&#39;, &#39;\\\\5FAE软雅黑&#39;, &#39;STHeiti Light&#39;, &#39;\\\\534E文细黑&#39;, SimSun, &#39;\\\\5B8B体&#39;, Arial, sans-serif; font-size: 18px; letter-spacing: 1px; line-height: 32px; white-space: normal; background-color: rgb(255, 255, 255);\">　　这段30秒的视频清晰度相当高，航母的舰岛，蒸汽弹射器轨道和甲板上的划线都看得很清楚，甚至还能看到拖船推进器搅动海水产生的白色航迹，需知道这可是从运行在500千米高的太空的“吉林一号”星载光学摄影机拍下来的，还是动态的视频，清晰度达到了4K的标准，在全球仅有中国能够做到。</p><p><img src=\"http://localhost:8080/crowd-web/ueditor/jsp/upload/image/20181024/1540350388404010854.jpg\" alt=\"\"/></p><p><br/></p>', '2018-10-24 11:06:47', NULL, 1, '新浪', NULL, NULL, 1, NULL, 1, NULL);
INSERT INTO `d_news` VALUES (39, 's\'d\'f', NULL, '<p style=\"margin-top: 0px; margin-bottom: 18px; padding: 0px; color: rgb(77, 79, 83); font-family: &#39;Microsoft Yahei&#39;, &#39;\\\\5FAE软雅黑&#39;, &#39;STHeiti Light&#39;, &#39;\\\\534E文细黑&#39;, SimSun, &#39;\\\\5B8B体&#39;, Arial, sans-serif; font-size: 18px; letter-spacing: 1px; line-height: 32px; white-space: normal; clear: none; box-sizing: border-box; background-color: rgb(255, 255, 255);\">据俄罗斯塔斯社10月23日报道，俄罗斯联邦委员会外交事务委员会主席康斯坦丁·科萨切夫认为，《中导条约》应该具有普遍性，不仅俄罗斯、美国和中国要加入该条约，包括英国和法国在内的其他国家也应该加入。</p><p><img src=\"http://localhost:8080/crowd-web/ueditor/jsp/upload/image/20181024/1540370086151093023.jpg\" alt=\"\"/></p><p style=\"margin-top: 0px; margin-bottom: 18px; padding: 0px; color: rgb(77, 79, 83); font-family: &#39;Microsoft Yahei&#39;, &#39;\\\\5FAE软雅黑&#39;, &#39;STHeiti Light&#39;, &#39;\\\\534E文细黑&#39;, SimSun, &#39;\\\\5B8B体&#39;, Arial, sans-serif; font-size: 18px; letter-spacing: 1px; line-height: 32px; white-space: normal; box-sizing: border-box; background-color: rgb(255, 255, 255);\">　　科萨切夫10月23日在其Facebook主页上发表了自己有关《中导条约》的看法。他在文中写道，“关于对《中导条约》命运的讨论，我想补充以下内容：首先，为什么这个条约如此重要？这是因为它最大限度地减少了发生核冲突的可能性，射程低于500公里的导弹在很大程度上不会装备核部件（由于射程小，打击会给双方都带来影响），而射程高于5500公里的导弹可以让受攻击方进行回应打击，因此一般不会随便使用。从这一方面来说，如果没有《中导条约》，核战争会离人类更近”。</p><p style=\"margin-top: 0px; margin-bottom: 18px; padding: 0px; color: rgb(77, 79, 83); font-family: &#39;Microsoft Yahei&#39;, &#39;\\\\5FAE软雅黑&#39;, &#39;STHeiti Light&#39;, &#39;\\\\534E文细黑&#39;, SimSun, &#39;\\\\5B8B体&#39;, Arial, sans-serif; font-size: 18px; letter-spacing: 1px; line-height: 32px; white-space: normal; box-sizing: border-box; background-color: rgb(255, 255, 255);\">　　他继续写道，对《中导条约》</p><p><br/></p>', '2018-10-24 16:34:49', NULL, 2, 'asd', NULL, NULL, 1, NULL, 1, NULL);
INSERT INTO `d_news` VALUES (47, '俄罗斯塔', NULL, '<p style=\"margin-top: 0px; margin-bottom: 18px; padding: 0px; color: rgb(77, 79, 83); font-family: &#39;Microsoft Yahei&#39;, &#39;\\\\5FAE软雅黑&#39;, &#39;STHeiti Light&#39;, &#39;\\\\534E文细黑&#39;, SimSun, &#39;\\\\5B8B体&#39;, Arial, sans-serif; font-size: 18px; letter-spacing: 1px; line-height: 32px; white-space: normal; clear: none; box-sizing: border-box; background-color: rgb(255, 255, 255);\">据俄罗斯塔斯社10月23日报道，俄罗斯联邦委员会外交事务委员会主席康斯坦丁·科萨切夫认为，《中导条约》应该具有普遍性，不仅俄罗斯、美国和中国要加入该条约，包括英国和法国在内的其他国家也应该加入。</p><p><img src=\"http://localhost:8080/crowd-web/ueditor/jsp/upload/image/20181024/1540372425893002503.jpg\" alt=\"\"/></p><p style=\"margin-top: 0px; margin-bottom: 18px; padding: 0px; color: rgb(77, 79, 83); font-family: &#39;Microsoft Yahei&#39;, &#39;\\\\5FAE软雅黑&#39;, &#39;STHeiti Light&#39;, &#39;\\\\534E文细黑&#39;, SimSun, &#39;\\\\5B8B体&#39;, Arial, sans-serif; font-size: 18px; letter-spacing: 1px; line-height: 32px; white-space: normal; box-sizing: border-box; background-color: rgb(255, 255, 255);\">　　科萨切夫10月23日在其Facebook主页上发表了自己有关《中导条约》的看法。他在文中写道，“关于对《中导条约》命运的讨论，我想补充以下内容：首先，为什么这个条约如此重要？这是因为它最大限度地减少了发生核冲突的可能性，射程低于500公里的导弹在很大程度上不会装备核部件（由于射程小，打击会给双方都带来影响），而射程高于5500公里的导弹可以让受攻击方进行回应打击，因此一般不会随便使用。从这一方面来说，如果没有《中导条约》，核战争会离人类更近”。</p><p style=\"margin-top: 0px; margin-bottom: 18px; padding: 0px; color: rgb(77, 79, 83); font-family: &#39;Microsoft Yahei&#39;, &#39;\\\\5FAE软雅黑&#39;, &#39;STHeiti Light&#39;, &#39;\\\\534E文细黑&#39;, SimSun, &#39;\\\\5B8B体&#39;, Arial, sans-serif; font-size: 18px; letter-spacing: 1px; line-height: 32px; white-space: normal; box-sizing: border-box; background-color: rgb(255, 255, 255);\">　　他继续写道，对《中导条约》</p><p><br/></p>', '2018-10-24 17:13:52', NULL, 2, '俄罗斯塔', NULL, NULL, 1, NULL, 1, NULL);
INSERT INTO `d_news` VALUES (48, '俄罗斯塔', NULL, '<p style=\"margin-top: 0px; margin-bottom: 18px; padding: 0px; color: rgb(77, 79, 83); font-family: &#39;Microsoft Yahei&#39;, &#39;\\\\5FAE软雅黑&#39;, &#39;STHeiti Light&#39;, &#39;\\\\534E文细黑&#39;, SimSun, &#39;\\\\5B8B体&#39;, Arial, sans-serif; font-size: 18px; letter-spacing: 1px; line-height: 32px; white-space: normal; clear: none; box-sizing: border-box; background-color: rgb(255, 255, 255);\">据俄罗斯塔斯社10月23日报道，俄罗斯联邦委员会外交事务委员会主席康斯坦丁·科萨切夫认为，《中导条约》应该具有普遍性，不仅俄罗斯、美国和中国要加入该条约，包括英国和法国在内的其他国家也应该加入。</p><p><img src=\"http://localhost:8080/crowd-web/ueditor/jsp/upload/image/20181024/1540372442715071903.jpg\" alt=\"\"/></p><p style=\"margin-top: 0px; margin-bottom: 18px; padding: 0px; color: rgb(77, 79, 83); font-family: &#39;Microsoft Yahei&#39;, &#39;\\\\5FAE软雅黑&#39;, &#39;STHeiti Light&#39;, &#39;\\\\534E文细黑&#39;, SimSun, &#39;\\\\5B8B体&#39;, Arial, sans-serif; font-size: 18px; letter-spacing: 1px; line-height: 32px; white-space: normal; box-sizing: border-box; background-color: rgb(255, 255, 255);\">　　科萨切夫10月23日在其Facebook主页上发表了自己有关《中导条约》的看法。他在文中写道，“关于对《中导条约》命运的讨论，我想补充以下内容：首先，为什么这个条约如此重要？这是因为它最大限度地减少了发生核冲突的可能性，射程低于500公里的导弹在很大程度上不会装备核部件（由于射程小，打击会给双方都带来影响），而射程高于5500公里的导弹可以让受攻击方进行回应打击，因此一般不会随便使用。从这一方面来说，如果没有《中导条约》，核战争会离人类更近”。</p><p style=\"margin-top: 0px; margin-bottom: 18px; padding: 0px; color: rgb(77, 79, 83); font-family: &#39;Microsoft Yahei&#39;, &#39;\\\\5FAE软雅黑&#39;, &#39;STHeiti Light&#39;, &#39;\\\\534E文细黑&#39;, SimSun, &#39;\\\\5B8B体&#39;, Arial, sans-serif; font-size: 18px; letter-spacing: 1px; line-height: 32px; white-space: normal; box-sizing: border-box; background-color: rgb(255, 255, 255);\">　　他继续写道，对《中导条约》</p><p><br/></p>', '2018-10-24 17:14:09', NULL, 2, '2', NULL, NULL, 1, NULL, 1, NULL);
INSERT INTO `d_news` VALUES (59, '风水阵容', NULL, '<p style=\"margin-top: 0px; margin-bottom: 30px; padding: 0px; font-family: &#39;Hiragino Sans GB&#39;, &#39;Microsoft Yahei&#39;, 微软雅黑, Simsun, 宋体, Arial; font-size: 18px; letter-spacing: 1px; line-height: 32px; white-space: normal;\"><span style=\"font-family: KaiTi_GB2312, KaiTi;\">导语：以前一提到求神拜佛，总被批评是迷信，家长和老师也经常教导我们要相信科学。但我告诉你，迷信真的是无处不在，尤其在咱时尚圈，每个时尚大咖都有自己内心信奉的“护身符”！（编辑：@philtre）</span></p><p><img src=\"http://localhost:8080/crowd-web/ueditor/jsp/upload/image/20181024/1540385602415094374.jpg\" alt=\"求保佑\"/><span class=\"img_descr\" style=\"line-height: 20px; padding: 6px 0px; font-size: 16px; margin: 5px auto; display: inline-block; zoom: 1; text-align: left; font-weight: 700;\">求保佑</span></p><p style=\"margin-top: 0px; margin-bottom: 30px; padding: 0px; font-family: &#39;Hiragino Sans GB&#39;, &#39;Microsoft Yahei&#39;, 微软雅黑, Simsun, 宋体, Arial; font-size: 18px; letter-spacing: 1px; line-height: 32px; white-space: normal;\">　　不只是商界大佬们信奉风水学，什么东西摆在哪都颇有讲究，其实时尚圈的设计师们着迷于风水，也已经不是一天两天了！刚刚新帅上任的Burberry，就成了“风水阵容”的新加盟者。</p><p style=\"margin-top: 0px; margin-bottom: 30px; padding: 0px; font-family: &#39;Hiragino Sans GB&#39;, &#39;Microsoft Yahei&#39;, 微软雅黑, Simsun, 宋体, Arial; font-size: 18px; letter-spacing: 1px; line-height: 32px; white-space: normal;\">　　9月17日， 由Riccardo Tisci设计的Burberry首秀于当天的第17个小时开始，秀后不久，品牌就宣布，每月17日发布限量版的新品系列。一切都和17这个数字紧密相连，原来，“17”正是设计师Riccardo Tisci的幸运数字。</p><p><img src=\"http://localhost:8080/crowd-web/ueditor/jsp/upload/image/20181024/1540385602466088096.jpg\" alt=\"9月17日Burberry首秀\"/><span class=\"img_descr\" style=\"line-height: 20px; padding: 6px 0px; font-size: 16px; margin: 5px auto; display: inline-block; zoom: 1; text-align: left; font-weight: 700;\">9月17日Burberry首秀</span></p><p style=\"margin-top: 0px; margin-bottom: 30px; padding: 0px; font-family: &#39;Hiragino Sans GB&#39;, &#39;Microsoft Yahei&#39;, 微软雅黑, Simsun, 宋体, Arial; font-size: 18px; letter-spacing: 1px; line-height: 32px; white-space: normal;\">　　在Riccardo Tisci还在Givenchy的时候，“17”就被他运用到设计当中。而在塔罗牌中，第17张的星星牌意味着吉祥。</p><p><img src=\"http://localhost:8080/crowd-web/ueditor/jsp/upload/image/20181024/1540385602533038571.jpg\" alt=\"Givenchy的数字17\"/><span class=\"img_descr\" style=\"line-height: 20px; padding: 6px 0px; font-size: 16px; margin: 5px auto; display: inline-block; zoom: 1; text-align: left; font-weight: 700;\">Givenchy的数字17</span></p><p style=\"margin-top: 0px; margin-bottom: 30px; padding: 0px; font-family: &#39;Hiragino Sans GB&#39;, &#39;Microsoft Yahei&#39;, 微软雅黑, Simsun, 宋体, Arial; font-size: 18px; letter-spacing: 1px; line-height: 32px; white-space: normal;\">　　不过这似乎也还算说得过去，谁还没个幸运数字了。你看香奈儿小姐就把“5” 作为自己的幸运数字。而Chanel大名鼎鼎的5号香水，是1921年由Ernest Beaux为Coco Chanel女士调制出来的，它的官方发布日期正是5月5日。</p><p><br/></p>', '2018-10-24 20:53:38', NULL, 2, '新浪', NULL, NULL, 1, NULL, 1, NULL);
INSERT INTO `d_news` VALUES (60, '吉林一号', NULL, '<p style=\"margin-top: 0px; margin-bottom: 18px; padding: 0px; color: rgb(77, 79, 83); font-family: &#39;Microsoft Yahei&#39;, &#39;\\\\5FAE软雅黑&#39;, &#39;STHeiti Light&#39;, &#39;\\\\534E文细黑&#39;, SimSun, &#39;\\\\5B8B体&#39;, Arial, sans-serif; font-size: 18px; letter-spacing: 1px; line-height: 32px; white-space: normal; background-color: rgb(255, 255, 255);\">此次亮相的“吉林一号”是由长春光机所研制的一款商业遥感卫星，以民用高分辨遥感卫星图片需求为切入点，采用“星载一体化”的整星设计方案。其主要用途为民用，是一颗对地观测卫星，可以为人们提供更为精准的地理信息，同时还能实现灾害勘察、粮食产量评估、通讯等，卫星在农业长势、产量评估等方面的数据反馈，目前在轨数量达到了10颗。</p><p><img src=\"http://localhost:8080/crowd-web/ueditor/jsp/upload/image/20181024/1540385730810013515.jpg\" alt=\"\"/><span class=\"img_descr\" style=\"margin: 5px auto; padding: 6px 0px; line-height: 20px; font-size: 16px; display: inline-block; zoom: 1; text-align: left; font-weight: 700;\"></span></p><p style=\"margin-top: 0px; margin-bottom: 18px; padding: 0px; color: rgb(77, 79, 83); font-family: &#39;Microsoft Yahei&#39;, &#39;\\\\5FAE软雅黑&#39;, &#39;STHeiti Light&#39;, &#39;\\\\534E文细黑&#39;, SimSun, &#39;\\\\5B8B体&#39;, Arial, sans-serif; font-size: 18px; letter-spacing: 1px; line-height: 32px; white-space: normal; background-color: rgb(255, 255, 255);\">　　视频在互联网上迅速引发了激烈的讨论，因为它的意义非同小可，等于向全世界证明了中国卫星的技术已经达到了一个很高的水平，完全有能力发现和锁定美国的航母等大型水面舰艇，也间接的证明了我国所拥有的反舰弹道导弹技术绝非忽悠，而是真有那样的能力。</p><p><img src=\"http://localhost:8080/crowd-web/ueditor/jsp/upload/image/20181024/1540385730935071618.jpg\" alt=\"\"/><span class=\"img_descr\" style=\"margin: 5px auto; padding: 6px 0px; line-height: 20px; font-size: 16px; display: inline-block; zoom: 1; text-align: left; font-weight: 700;\"></span></p><p style=\"margin-top: 0px; margin-bottom: 18px; padding: 0px; color: rgb(77, 79, 83); font-family: &#39;Microsoft Yahei&#39;, &#39;\\\\5FAE软雅黑&#39;, &#39;STHeiti Light&#39;, &#39;\\\\534E文细黑&#39;, SimSun, &#39;\\\\5B8B体&#39;, Arial, sans-serif; font-size: 18px; letter-spacing: 1px; line-height: 32px; white-space: normal; background-color: rgb(255, 255, 255);\">　　更让我们的潜在对手感到不安的是“吉林一号”还仅仅只是民用的商业卫星而已，其军用的版本必将更加的了得，未来“吉林一号”的家族还将进一步扩大，达到138颗，组成覆盖全球的星座，服务于全球70亿人口。</p><p><br/></p>', '2018-10-24 20:55:43', NULL, 2, '新浪', NULL, NULL, 1, NULL, 1, NULL);
INSERT INTO `d_news` VALUES (61, '时尚圈', NULL, '<p style=\"margin-top: 0px; margin-bottom: 30px; padding: 0px; font-family: &#39;Hiragino Sans GB&#39;, &#39;Microsoft Yahei&#39;, 微软雅黑, Simsun, 宋体, Arial; font-size: 18px; letter-spacing: 1px; line-height: 32px; white-space: normal;\"><span style=\"font-family: KaiTi_GB2312, KaiTi;\">导语：以前一提到求神拜佛，总被批评是迷信，家长和老师也经常教导我们要相信科学。但我告诉你，迷信真的是无处不在，尤其在咱时尚圈，每个时尚大咖都有自己内心信奉的“护身符”！（编辑：@philtre）</span></p><p><img src=\"http://localhost:8080/crowd-web/ueditor/jsp/upload/image/20181024/1540385912289035166.jpg\" alt=\"求保佑\"/><span class=\"img_descr\" style=\"line-height: 20px; padding: 6px 0px; font-size: 16px; margin: 5px auto; display: inline-block; zoom: 1; text-align: left; font-weight: 700;\">求保佑</span></p><p style=\"margin-top: 0px; margin-bottom: 30px; padding: 0px; font-family: &#39;Hiragino Sans GB&#39;, &#39;Microsoft Yahei&#39;, 微软雅黑, Simsun, 宋体, Arial; font-size: 18px; letter-spacing: 1px; line-height: 32px; white-space: normal;\">　　不只是商界大佬们信奉风水学，什么东西摆在哪都颇有讲究，其实时尚圈的设计师们着迷于风水，也已经不是一天两天了！刚刚新帅上任的Burberry，就成了“风水阵容”的新加盟者。</p><p style=\"margin-top: 0px; margin-bottom: 30px; padding: 0px; font-family: &#39;Hiragino Sans GB&#39;, &#39;Microsoft Yahei&#39;, 微软雅黑, Simsun, 宋体, Arial; font-size: 18px; letter-spacing: 1px; line-height: 32px; white-space: normal;\">　　9月17日， 由Riccardo Tisci设计的Burberry首秀于当天的第17个小时开始，秀后不久，品牌就宣布，每月17日发布限量版的新品系列。一切都和17这个数字紧密相连，原来，“17”正是设计师Riccardo Tisci的幸运数字。</p><p><img src=\"http://localhost:8080/crowd-web/ueditor/jsp/upload/image/20181024/1540385912348009915.jpg\" alt=\"9月17日Burberry首秀\"/><span class=\"img_descr\" style=\"line-height: 20px; padding: 6px 0px; font-size: 16px; margin: 5px auto; display: inline-block; zoom: 1; text-align: left; font-weight: 700;\">9月17日Burberry首秀</span></p><p style=\"margin-top: 0px; margin-bottom: 30px; padding: 0px; font-family: &#39;Hiragino Sans GB&#39;, &#39;Microsoft Yahei&#39;, 微软雅黑, Simsun, 宋体, Arial; font-size: 18px; letter-spacing: 1px; line-height: 32px; white-space: normal;\">　　在Riccardo Tisci还在Givenchy的时候，“17”就被他运用到设计当中。而在塔罗牌中，第17张的星星牌意味着吉祥。</p><p><img src=\"http://localhost:8080/crowd-web/ueditor/jsp/upload/image/20181024/1540385912398093559.jpg\" alt=\"Givenchy的数字17\"/><span class=\"img_descr\" style=\"line-height: 20px; padding: 6px 0px; font-size: 16px; margin: 5px auto; display: inline-block; zoom: 1; text-align: left; font-weight: 700;\">Givenchy的数字17</span></p><p style=\"margin-top: 0px; margin-bottom: 30px; padding: 0px; font-family: &#39;Hiragino Sans GB&#39;, &#39;Microsoft Yahei&#39;, 微软雅黑, Simsun, 宋体, Arial; font-size: 18px; letter-spacing: 1px; line-height: 32px; white-space: normal;\">　　不过这似乎也还算说得过去，谁还没个幸运数字了。你看香奈儿小姐就把“5” 作为自己的幸运数字。而Chanel大名鼎鼎的5号香水，是1921年由Ernest Beaux为Coco Chanel女士调制出来的，它的官方发布日期正是5月5日。</p><p><br/></p>', '2018-10-24 20:58:39', NULL, 2, '新浪1', NULL, NULL, 1, NULL, 1, NULL);
INSERT INTO `d_news` VALUES (65, '熊', NULL, '<p><span style=\"font-family:SimSun\"><strong>堪察加：“熊霸”欧亚大陆</strong></span></p><p><strong style=\"font-family: simsun;\"><span style=\"\">——&nbsp;</span><span style=\"\">远东秘境堪察加</span></strong><strong style=\"font-family: simsun;\"><span style=\"\">系列(五)</span></strong>&nbsp;</p><p><span style=\"font-family:SimSun\"><br/></span></p><p><span style=\"font-family:SimSun\">&nbsp;&nbsp;&nbsp;<strong><em>把视线从镜头里挪开，我坐在岸边，观察起眼前这些欧亚大陆上体型最大的肉食动物。棕熊的世界也有一个小社会，熊之间等级分明。熊与熊的差别很大，不仅是捕食能力，每头的个性也都不同。</em></strong></span></p><p><a href=\"http://photo.blog.sina.com.cn/showpic.html#blogid=59396c770102ycrt&url=http://album.sina.com.cn/pic/001DiZjFzy7oAIqXBVqc4\" target=\"_blank\" style=\"text-decoration: none; color: rgb(119, 78, 167);\"><img src=\"http://localhost:8080/crowd-web/ueditor/jsp/upload/image/20181024/1540386833182044273.jpg\" width=\"690\" height=\"451\" alt=\"堪察加：“熊霸”欧亚大陆\" title=\"堪察加：“熊霸”欧亚大陆\"/></a></p><p><span style=\"word-wrap: normal; word-break: normal; line-height: 27px; font-size: 18px; font-family: simsun;\"><span style=\"word-wrap: normal; word-break: normal;\"><strong>（犀利的眼神让人不寒而栗</strong>）</span></span></p><p><span style=\"font-family:SimSun\"><br/></span></p><p><span style=\"font-family:SimSun\">&nbsp;&nbsp;熊这种凶猛的动物，在现实世界中令人畏惧，却是最常被设计成公仔或者卡通的猛兽了，小熊维尼，熊本熊的形象深入人心，尤其是孩子们，谁小的时候没有梦想过拥有一只可爱的泰迪熊呢？现代人的词典中，“熊抱”更是一个略带温暖的词汇，代表着单纯温厚的情感。</span></p><p><a href=\"http://photo.blog.sina.com.cn/showpic.html#blogid=59396c770102ycrt&url=http://album.sina.com.cn/pic/001DiZjFzy7oAIxsKKta9\" target=\"_blank\" style=\"text-decoration: none; color: rgb(119, 78, 167);\"><img src=\"http://localhost:8080/crowd-web/ueditor/jsp/upload/image/20181024/1540386833399084178.jpg\" width=\"690\" height=\"463\" alt=\"堪察加：“熊霸”欧亚大陆\" title=\"堪察加：“熊霸”欧亚大陆\"/></a><br/></p><p><img src=\"http://localhost:8080/crowd-web/ueditor/jsp/upload/image/20181024/1540386833601024804.jpg\" width=\"690\" height=\"459\" alt=\"堪察加：“熊霸”欧亚大陆\" title=\"堪察加：“熊霸”欧亚大陆\"/></p><p><a href=\"http://photo.blog.sina.com.cn/showpic.html#blogid=59396c770102ycrt&url=http://album.sina.com.cn/pic/001DiZjFzy7oAIvSbxm00\" target=\"_blank\" style=\"text-decoration: none; color: rgb(119, 78, 167);\"><img src=\"http://localhost:8080/crowd-web/ueditor/jsp/upload/image/20181024/1540386833869005944.jpg\" width=\"690\" height=\"462\" alt=\"堪察加：“熊霸”欧亚大陆\" title=\"堪察加：“熊霸”欧亚大陆\"/></a></p><p><br/></p>', '2018-10-24 21:14:15', NULL, 2, '新浪', NULL, NULL, 1, NULL, 1, NULL);
INSERT INTO `d_news` VALUES (66, 'Chanel', NULL, '<p style=\"margin-top: 0px; margin-bottom: 30px; padding: 0px; font-family: &#39;Hiragino Sans GB&#39;, &#39;Microsoft Yahei&#39;, 微软雅黑, Simsun, 宋体, Arial; font-size: 18px; letter-spacing: 1px; line-height: 32px; white-space: normal;\">不过这似乎也还算说得过去，谁还没个幸运数字了。你看香奈儿小姐就把“5” 作为自己的幸运数字。而Chanel大名鼎鼎的5号香水，是1921年由Ernest Beaux为Coco Chanel女士调制出来的，它的官方发布日期正是5月5日。</p><p><img src=\"http://localhost:8080/crowd-web/ueditor/jsp/upload/image/20181024/1540386881216023156.jpg\" alt=\"Chanel No.5香水\"/><span class=\"img_descr\" style=\"line-height: 20px; padding: 6px 0px; font-size: 16px; margin: 5px auto; display: inline-block; zoom: 1; text-align: left; font-weight: 700;\">Chanel No.5香水</span></p><p style=\"margin-top: 0px; margin-bottom: 30px; padding: 0px; font-family: &#39;Hiragino Sans GB&#39;, &#39;Microsoft Yahei&#39;, 微软雅黑, Simsun, 宋体, Arial; font-size: 18px; letter-spacing: 1px; line-height: 32px; white-space: normal;\">　　还有人说，Chanel女士比较迷信，在取名字的时候找了一个占卜师去算，数字5是个很吉利的数字，最后这款香水也不负众望一炮而红。</p><p><img src=\"http://localhost:8080/crowd-web/ueditor/jsp/upload/image/20181024/1540386881315058590.jpg\" alt=\"香奈儿的数字5\"/><span class=\"img_descr\" style=\"line-height: 20px; padding: 6px 0px; font-size: 16px; margin: 5px auto; display: inline-block; zoom: 1; text-align: left; font-weight: 700;\">香奈儿</span></p><p><br/></p>', '2018-10-24 21:14:53', NULL, 2, '新浪', NULL, NULL, 1, NULL, 1, NULL);
INSERT INTO `d_news` VALUES (67, 'Coco Hamamatsu', NULL, '<p style=\"margin-top: 0px; margin-bottom: 30px; padding: 0px; font-family: &#39;Hiragino Sans GB&#39;, &#39;Microsoft Yahei&#39;, 微软雅黑, Simsun, 宋体, Arial; font-size: 18px; letter-spacing: 1px; line-height: 32px; white-space: normal;\"><span style=\"font-family: KaiTi_GB2312, KaiTi;\">导语：如此关注时尚圈的你，如果还不知道Coco Hamamatsu的大名，那你可真是out啦！这位来自日本东京的时尚小魔头Coco Hamamatsu，在Instgram上已经拥有超过65万的粉丝追随，ID为coco_pinkprincess，她po出的日常搭配造型绝对会让你大吃一惊！没有170公分的模特身高，却拥有着堪比超模的强大气场！（来源：瑞丽网）</span></p><p><img src=\"http://localhost:8080/crowd-web/ueditor/jsp/upload/image/20181024/1540386919202028064.jpg\" alt=\"\"/><span class=\"img_descr\" style=\"line-height: 20px; padding: 6px 0px; font-size: 16px; margin: 5px auto; display: inline-block; zoom: 1; text-align: left; font-weight: 700;\"></span></p><p><br/></p>', '2018-10-24 21:15:29', NULL, 2, '新浪', NULL, NULL, 1, NULL, 1, NULL);
INSERT INTO `d_news` VALUES (68, '法国启动新航母', NULL, '<p><span style=\"color: rgb(77, 79, 83); font-family: &#39;Microsoft Yahei&#39;, &#39;\\\\5FAE软雅黑&#39;, &#39;STHeiti Light&#39;, &#39;\\\\534E文细黑&#39;, SimSun, &#39;\\\\5B8B体&#39;, Arial, sans-serif; font-size: 18px; letter-spacing: 1px; line-height: 32px; background-color: rgb(255, 255, 255);\">原标题：法国启动新航母研究，将在2040年取代“戴高乐”号</span><br/></p><p style=\"margin-top: 0px; margin-bottom: 18px; padding: 0px;\">【文/观察者网史雨轩】</p><p style=\"margin-top: 0px; margin-bottom: 18px; padding: 0px;\">据路透社10月23日报道，法国国防部长帕尔丽周二宣布，法国决定启动新航母的研制计划，于2040年取代法国海军旗舰戴高乐号航母，新航母将服役到2080年。</p><p style=\"margin-top: 0px; margin-bottom: 18px; padding: 0px;\"><img title=\"点击查看大图\" src=\"http://localhost:8080/crowd-web/ueditor/jsp/upload/image/20181025/1540434552780027122.jpg\"/></p><p style=\"margin-top: 0px; margin-bottom: 18px; padding: 0px;\">目前戴高乐号正在土伦港接受为期18个月的维护（图片来源：路透社）</p><p style=\"margin-top: 0px; margin-bottom: 18px; padding: 0px;\">法国国防部长弗洛伦斯·帕尔丽（Florence Parly）10月23日参加巴黎国际海军防务与海事展开幕活动时，正式宣布法国启动新航母研究计划。新航母将取代2040年退役的戴高乐号核动力航母。</p><p style=\"margin-top: 0px; margin-bottom: 18px; padding: 0px;\">戴高乐号从2001年开始服役，目前舰龄不到二十年。但法国希望建造一艘可以考虑到2030年后预期技术进步，并且能搭载法德合作研制新型战斗机（NGF）的航母。</p><p style=\"margin-top: 0px; margin-bottom: 18px; padding: 0px;\">“夏尔·戴高乐（Charles de Gaulle）需要一个继任者”，帕尔丽在讲话中谈到。</p><p style=\"margin-top: 0px; margin-bottom: 18px; padding: 0px;\">“从今天开始的第一步是研究阶段，以确定我们的未来航母形态和建造方式，我们给了自己18个月的时间。”</p><p style=\"margin-top: 0px; margin-bottom: 18px; padding: 0px;\">据帕尔丽称，新航母的研究计划将持续18个月，法国政府将斥资4000万欧元，以便确定未来新核动力航母的建造结构，以及必要的工程基础架构，还要确认工期和造价。</p><p style=\"margin-top: 0px; margin-bottom: 18px; padding: 0px;\">包括阵风战机制造商达索（Dassault）和系统承包商泰利斯（Thales）在内多家法国防务公司将参与此次研究。</p><p style=\"margin-top: 0px; margin-bottom: 18px; padding: 0px;\"><img title=\"点击查看大图\" src=\"http://localhost:8080/crowd-web/ueditor/jsp/upload/image/20181025/1540434553011098395.jpg\"/></p><p style=\"margin-top: 0px; margin-bottom: 18px; padding: 0px;\">达索与海军集团的概念图，法德联合研制的NGF战斗机从新型航母上起飞（图片来源：NavyRecognition）</p><p style=\"margin-top: 0px; margin-bottom: 18px; padding: 0px;\">自2001年5月18日戴高乐号服役以来，法国成为世界上唯二拥有核动力航空母舰的国家。同时戴高乐也是法国海军唯一的现役航母，参加了多次重要军事行动。</p><p style=\"margin-top: 0px; margin-bottom: 18px; padding: 0px;\">2015年以来，戴高乐号三次部署到地中海，参与打击伊斯兰国恐怖主义武装的行动。</p><p style=\"margin-top: 0px; margin-bottom: 18px; padding: 0px;\">但近年来戴高乐号多次出现技术故障，不得不多次停靠维修。自2017年起，戴高乐再次开始大规模整修工程，预计将在2019年结束整修前往印度洋执行任务。</p><p style=\"margin-top: 0px; margin-bottom: 18px; padding: 0px;\">戴高乐号可以搭载40架飞机（其中包括30</p><p><br/></p>', '2018-10-25 10:29:30', NULL, 3, '新浪', NULL, NULL, 1, NULL, 1, NULL);
INSERT INTO `d_news` VALUES (69, '那不勒斯', NULL, '<p><img class=\"large\" src=\"http://localhost:8080/crowd-web/ueditor/jsp/upload/image/20181025/1540437511666098180.jpg\"/></p><p style=\"margin-top: 26px; margin-bottom: 0px; padding: 0px; line-height: 24px; color: rgb(51, 51, 51); text-align: justify; font-family: arial; white-space: normal; background-color: rgb(255, 255, 255);\">那不勒斯客场战平巴黎</p><p style=\"margin-top: 22px; margin-bottom: 0px; padding: 0px; line-height: 24px; color: rgb(51, 51, 51); text-align: justify; font-family: arial; white-space: normal; background-color: rgb(255, 255, 255);\">北京时间10月25日3：00（法国当地时间21：00），2018/19赛季欧冠小组赛C组第三轮展开争夺，巴黎圣日耳曼主场迎战那不勒斯。因西涅首开纪录，鲁伊乌龙球帮助巴黎扳平，默滕斯进球让那不勒斯再次领先，最后时刻迪马利亚世界波压哨扳平，巴黎主场和那不勒斯2-2言和。</p><p style=\"margin-top: 22px; margin-bottom: 0px; padding: 0px; line-height: 24px; color: rgb(51, 51, 51); text-align: justify; font-family: arial; white-space: normal; background-color: rgb(255, 255, 255);\">双方曾在1992-93赛季的联盟杯第二轮上有过交锋，巴黎客场首回合2-0击败那不勒斯，主场和对方0-0战平。上周末休战的内马尔回归进入首发，和姆巴佩、卡瓦尼、迪马利亚组成进攻线，那不勒斯这边默滕斯和因西涅领衔出战。安切洛蒂重回王子公园球场对阵老东家。</p><p style=\"margin-top: 22px; margin-bottom: 0px; padding: 0px; line-height: 24px; color: rgb(51, 51, 51); text-align: justify; font-family: arial; white-space: normal; background-color: rgb(255, 255, 255);\">开场仅1分钟，姆巴佩传中，内马尔在射门时被卡瓦尼踢到，一度离场接受治疗。第6分钟，内马尔禁区外右路挑传禁区，无人防守的卡瓦尼凌空爆射打中边网。第13分钟，巴黎开出角球，球顶向后点的姆巴佩，姆巴佩调整后抽射打偏。</p><p style=\"margin-top: 22px; margin-bottom: 0px; padding: 0px; line-height: 24px; color: rgb(51, 51, 51); text-align: justify; font-family: arial; white-space: normal; background-color: rgb(255, 255, 255);\">第17分钟，姆巴佩中圈附近外脚背直塞，姆巴佩向前分了一下，卡瓦尼突入禁区左脚低射被奥斯皮纳扑出。第23分钟，那不勒斯错过破门机会，鲁伊左路传中送入禁区，默滕斯小禁区前垫射击中了横梁后弹出。</p><p style=\"margin-top: 22px; margin-bottom: 0px; padding: 0px; line-height: 24px; color: rgb(51, 51, 51); text-align: justify; font-family: arial; white-space: normal; background-color: rgb(255, 255, 255);\">那不勒斯在第28分钟率先破门，卡列洪禁区外右路长距离斜传，阿雷奥拉出击稍有犹豫，因西涅禁区内挑射破门，那不勒斯1-0领先巴黎！第35分钟，金庞贝后场传球失误，因西涅断球后杀入禁区抽射将球打高。第38分钟，内马尔中圈附近连过两人后直塞，姆巴佩单刀射门被奥斯皮纳用脚扑出。第46分钟，法比安左路抢断后传中，因西涅禁区内爆射打偏。上半时那不勒斯暂时1-0领先巴黎。</p><p style=\"margin-top: 22px; margin-bottom: 0px; padding: 0px; line-height: 24px; color: rgb(51, 51, 51); text-align: justify; font-family: arial; white-space: normal; background-color: rgb(255, 255, 255);\">下半时双方易边再战，巴黎用克雷尔换下贝尔纳特变阵三中卫，第50分钟，内马尔禁区弧顶处抽射，球被奥斯皮纳扑出，卡瓦尼近距离补射打偏，裁判鸣哨示意卡瓦尼已经越位。2分钟后，迪马利亚禁区内劲射被防守球员挡出，默尼耶跟进头球被奥斯皮纳托出横梁。那不勒斯用泽林斯基换下了因西涅。</p><p style=\"margin-top: 22px; margin-bottom: 0px; padding: 0px; line-height: 24px; color: rgb(51, 51, 51); text-align: justify; font-family: arial; white-space: normal; background-color: rgb(255, 255, 255);\">第61分钟巴黎扳平比分，姆巴佩前场分球到右路，默尼耶突破传中，球打中鲁伊后飞入了那不勒斯球门，巴黎1-1追平那不勒斯！第67分钟，鲁伊传中被克雷尔顶出，鲁伊斯远射高出横梁。巴黎做出第二个换人，德拉克斯勒出场换下卡瓦尼。</p><p style=\"margin-top: 22px; margin-bottom: 0px; padding: 0px; line-height: 24px; color: rgb(51, 51, 51); text-align: justify; font-family: arial; white-space: normal; background-color: rgb(255, 255, 255);\">第77分钟那不勒斯再次领先，鲁伊斯起脚远射，球击中马尔基尼奥斯后被默滕斯断下，默滕斯禁区内抽射破门，那不勒斯2-1领先巴黎！第81分钟，卡列洪禁区外手球吃到黄牌，巴黎获得距离球门22米的任意球，内马尔主罚直接打门被奥斯皮纳奋力托出横梁。随后巴黎用迪亚比换下维拉蒂，用完本场换人名额，那不勒斯用米利克换下进球的默滕斯。</p><p style=\"margin-top: 22px; margin-bottom: 0px; padding: 0px; line-height: 24px; color: rgb(51, 51, 51); text-align: justify; font-family: arial; white-space: normal; background-color: rgb(255, 255, 255);\">第85分钟，卡列洪开出角球，米利克前点头球攻门打在了边网上。那不勒斯用罗格换下卡列洪，用完本场的换人名额。补时第三分钟，巴黎扳平比分，迪马利禁区线上弧线球远射得手，巴黎最后时刻2-2追平！最终双方2-2战平，那不勒斯和巴黎分居小组第二和第三，双方将在下个欧冠比赛日移师那不勒斯主场再战。</p><p style=\"margin-top: 22px; margin-bottom: 0px; padding: 0px; line-height: 24px; color: rgb(51, 51, 51); text-align: justify; font-family: arial; white-space: normal; background-color: rgb(255, 255, 255);\">巴黎圣日耳曼（4-2-3-1）：16-阿雷奥拉；14-贝尔纳特、3-金庞贝、5-马尔基尼奥斯、12-默尼耶；25-拉比奥、6-维拉蒂；11-迪马利亚、10-内马尔、7-姆巴佩；9-卡瓦尼</p><p style=\"margin-top: 22px; margin-bottom: 0px; padding: 0px; line-height: 24px; color: rgb(51, 51, 51); text-align: justify; font-family: arial; white-space: normal; background-color: rgb(255, 255, 255);\">替补：50-西布瓦、4-克雷尔、17-舒波莫廷、23-德拉克斯勒、24-恩昆库、27-穆萨-迪亚比、34-恩索基</p><p style=\"margin-top: 22px; margin-bottom: 0px; padding: 0px; line-height: 24px; color: rgb(51, 51, 51); text-align: justify; font-family: arial; white-space: normal; background-color: rgb(255, 255, 255);\">那不勒斯（4-4-2）：25-奥斯皮纳；6-马里奥-鲁伊、26-库利巴利、33-阿尔比奥尔、19-马克西莫维奇；8-法比安-鲁伊斯、5-阿兰、17-哈姆西克、7-卡列洪；14-默滕斯、24-因西涅</p><p style=\"margin-top: 22px; margin-bottom: 0px; padding: 0px; line-height: 24px; color: rgb(51, 51, 51); text-align: justify; font-family: arial; white-space: normal; background-color: rgb(255, 255, 255);\">替补：27-卡尔内齐斯、2-马尔库特、23-希萨伊、20-泽林斯基、30-罗格、42-迪亚瓦拉、99-米利克</p><p><br/></p>', '2018-10-25 11:18:42', NULL, 3, '百度', NULL, NULL, 1, NULL, 1, '那不勒斯客场战平巴黎北京时间10月25日3：00（法国当地时间21：00），2018/19赛季欧冠小组赛C组第三轮展开争夺，巴黎圣日耳曼主场迎战那不勒斯。因西涅首开纪录，鲁伊乌龙球帮助巴黎扳平，默滕斯进球让那不勒斯再次领先，最后时刻迪马利亚世界波压哨扳平，巴黎主场和那不勒斯2-2言和。双方曾在1992-93赛季的联盟杯第二轮上有过交锋，巴黎客场首回合2-0击败那不勒斯，主场和对方0-0战平。上周末休战的内马尔回归进入首发，和姆巴佩、卡瓦尼、迪马利亚组成进攻线，那不勒斯这边默滕斯和因西涅领衔出战。安切洛蒂重回王子公园球场对阵老东家。开场仅1分钟，姆巴佩传中，内马尔在射门时被卡瓦尼踢到，一度离场接受治疗。第6分钟，内马尔禁区外右路挑传禁区，无人防守的卡瓦尼凌空爆射打中边网。第13分钟，巴黎开出角球，球顶向后点的姆巴佩，姆巴佩调整后抽射打偏。第17分钟，姆巴佩中圈附近外脚背直塞，姆巴佩向前分了一下，卡瓦尼突入禁区左脚低射被奥斯皮纳扑出。第23分钟，那不勒斯错过破门机会，鲁伊左路传中送入禁区，默滕斯小禁区前垫射击中了横梁后弹出。那不勒斯在第28分钟率先破门，卡列洪禁区外右路长距离斜传，阿雷奥拉出击稍有犹豫，因西涅禁区内挑射破门，那不勒斯1-0领先巴黎！第35分钟，金庞贝后场传球失误，因西涅断球后杀入禁区抽射将球打高。第38分钟，内马尔中圈附近连过两人后直塞，姆巴佩单刀射门被奥斯皮纳用脚扑出。第46分钟，法比安左路抢断后传中，因西涅禁区内爆射打偏。上半时那不勒斯暂时1-0领先巴黎。下半时双方易边再战，巴黎用克雷尔换下贝尔纳特变阵三中卫，第50分钟，内马尔禁区弧顶处抽射，球被奥斯皮纳扑出，卡瓦尼近距离补射打偏，裁判鸣哨示意卡瓦尼已经越位。2分钟后，迪马利亚禁区内劲射被防守球员挡出，默尼耶跟进头球被奥斯皮纳托出横梁。那不勒斯用泽林斯基换下了因西涅。第61分钟巴黎扳平比分，姆巴佩前场分球到右路，默尼耶突破传中，球打中鲁伊后飞入了那不勒斯球门，巴黎1-1追平那不勒斯！第67分钟，鲁伊传中被克雷尔顶出，鲁伊斯远射高出横梁。巴黎做出第二个换人，德拉克斯勒出场换下卡瓦尼。第77分钟那不勒斯再次领先，鲁伊斯起脚远射，球击中马尔基尼奥斯后被默滕斯断下，默滕斯禁区内抽射破门，那不勒斯2-1领先巴黎！第81分钟，卡列洪禁区外手球吃到黄牌，巴黎获得距离球门22米的任意球，内马尔主罚直接打门被奥斯皮纳奋力托出横梁。随后巴黎用迪亚比换下维拉蒂，用完本场换人名额，那不勒斯用米利克换下进球的默滕斯。第85分钟，卡列洪开出角球，米利克前点头球攻门打在了边网上。那不勒斯用罗格换下卡列洪，用完本场的换人名额。补时第三分钟，巴黎扳平比分，迪马利禁区线上弧线球远射得手，巴黎最后时刻2-2追平！最终双方2-2战平，那不勒斯和巴黎分居小组第二和第三，双方将在下个欧冠比赛日移师那不勒斯主场再战。巴黎圣日耳曼（4-2-3-1）：16-阿雷奥拉；14-贝尔纳特、3-金庞贝、5-马尔基尼奥斯、12-默尼耶；25-拉比奥、6-维拉蒂；11-迪马利亚、10-内马尔、7-姆巴佩；9-卡瓦尼替补：50-西布瓦、4-克雷尔、17-舒波莫廷、23-德拉克斯勒、24-恩昆库、27-穆萨-迪亚比、34-恩索基那不勒斯（4-4-2）：25-奥斯皮纳；6-马里奥-鲁伊、26-库利巴利、33-阿尔比奥尔、19-马克西莫维奇；8-法比安-鲁伊斯、5-阿兰、17-哈姆西克、7-卡列洪；14-默滕斯、24-因西涅替补：27-卡尔内齐斯、2-马尔库特、23-希萨伊、20-泽林斯基、30-罗格、42-迪亚瓦拉、99-米利克');
INSERT INTO `d_news` VALUES (70, '欧冠第3轮小组赛，', NULL, '<p style=\"margin-top: 0px; margin-bottom: 0px; padding: 0px; line-height: 24px; color: rgb(51, 51, 51); text-align: justify; font-family: arial; white-space: normal; background-color: rgb(255, 255, 255);\"><span class=\"bjh-p\">北京时间10月25日凌晨3点，欧冠第3轮小组赛，“大巴黎”主场2比2战平那不勒斯，因西涅和默滕斯各进一球帮助客队两次取得领先，穆尼耶制造乌龙扳平，随后迪马利亚在补时第92分钟绝杀扳平。对于“巴西天王”内马尔来说，尽管这场比赛迪马利亚的进球帮助主队将比分扳平，但是他在赛后却怎么都笑不起来，因为今晚巴西老乡马基尼奥斯的一次低级失误，直接导致了球队的失球，甚至会影响球队出线前景。<span class=\"bjh-br\"></span></span></p><p><img class=\"large\" src=\"http://localhost:8080/crowd-web/ueditor/jsp/upload/image/20181025/1540438400841051827.jpg\"/></p><p style=\"margin-top: 26px; margin-bottom: 0px; padding: 0px; line-height: 24px; color: rgb(51, 51, 51); text-align: justify; font-family: arial; white-space: normal; background-color: rgb(255, 255, 255);\"><span class=\"bjh-p\">自图赫尔接手“大巴黎”教鞭后，内马尔在球队中的位置越来越靠后，他逐渐成为了球队的中场组织核心，成为进攻的第一发起点。上半场，内马尔先后给姆巴佩送出2脚好球，但是今晚脚感不佳的法国前锋却浪费了内马尔的好意。在久攻不下后，“大巴黎”后防失守，因西涅反击得手。下半场一开始，图赫尔变阵3中卫强攻取得很好的效果，穆尼耶制造对方乌龙球将比分扳平。不过，在将比分扳成1比1之后，“大巴黎”整支球队却好像被人踩了一脚急刹车，突然变得保守起来，其后防线也开始频频犯错。</span></p><p><img class=\"normal\" width=\"373px\" src=\"http://localhost:8080/crowd-web/ueditor/jsp/upload/image/20181025/1540438401102004688.gif\"/></p><p style=\"margin-top: 26px; margin-bottom: 0px; padding: 0px; line-height: 24px; color: rgb(51, 51, 51); text-align: justify; font-family: arial; white-space: normal; background-color: rgb(255, 255, 255);\"><span class=\"bjh-p\">第77分钟，法比安左侧肋部一脚并不太有威胁的远射，马基尼奥斯在禁区内将球挡下，却将球直接停给了对方前锋默滕斯，默滕斯笑纳大礼，他机警捅射命中右下角，2比1。那不勒斯幸运的将比分再次反超。可以说，在对方的这粒进球过程中，马基尼奥斯的乌龙助攻非常关键，这样一次低级失误也让“大巴黎”再涉险境。</span></p><p><br/></p>', '2018-10-25 11:33:30', NULL, 3, '新浪', NULL, NULL, 1, NULL, 1, '北京时间10月25日凌晨3点，欧冠第3轮小组赛，“大巴黎”主场2比2战平那不勒斯，因西涅和默滕斯各进一球帮助客队两次取得领先，穆尼耶制造乌龙扳平，随后迪马利亚在补时第92分钟绝杀扳平。对于“巴西天王”内马尔来说，尽管这场比赛迪马利亚的进球帮助主队将比分扳平，但是他在赛后却怎么都笑不起来，因为今晚巴西老乡马基尼奥斯的一次低级失误，直接导致了球队的失球，甚至会影响球队出线前景。自图赫尔接手“大巴黎”教鞭后，内马尔在球队中的位置越来越靠后，他逐渐成为了球队的中场组织核心，成为进攻的第一发起点。上半场，内马尔先后给姆巴佩送出2脚好球，但是今晚脚感不佳的法国前锋却浪费了内马尔的好意。在久攻不下后，“大巴黎”后防失守，因西涅反击得手。下半场一开始，图赫尔变阵3中卫强攻取得很好的效果，穆尼耶制造对方乌龙球将比分扳平。不过，在将比分扳成1比1之后，“大巴黎”整支球队却好像被人踩了一脚急刹车，突然变得保守起来，其后防线也开始频频犯错。第77分钟，法比安左侧肋部一脚并不太有威胁的远射，马基尼奥斯在禁区内将球挡下，却将球直接停给了对方前锋默滕斯，默滕斯笑纳大礼，他机警捅射命中右下角，2比1。那不勒斯幸运的将比分再次反超。可以说，在对方的这粒进球过程中，马基尼奥斯的乌龙助攻非常关键，这样一次低级失误也让“大巴黎”再涉险境。');
INSERT INTO `d_news` VALUES (71, '梅西', NULL, '<p class=\"ql-align-justify\" style=\"border: 0px; margin-top: 0.63em; margin-bottom: 1.8em; padding: 0px; font-size: 18.018px; counter-reset: list-1 0 list-2 0 list-3 0 list-4 0 list-5 0 list-6 0 list-7 0 list-8 0 list-9 0; text-align: justify; color: rgb(25, 25, 25); font-family: &#39;PingFang SC&#39;, Arial, 微软雅黑, 宋体, simsun, sans-serif; line-height: 34.2342px; white-space: normal; background-color: rgb(255, 255, 255);\">然梅西在上周末的西甲联赛中重伤，使得巴萨方面失去了球队的大腿，再加上国际米兰目前在各项赛事中豪取一波7连胜，球队士气正旺，但是在诺坎普，蓝黑军团依旧不是巴萨的对手。在今日凌晨结束的一场欧冠小组赛焦点之战中，巴萨在主场迎接国际米兰的挑战，面对这个此前从未在诺坎普带走过胜利的对手，巴萨方面即便梅西缺阵，还是较为轻松的在主场2比0击败来访的国际米兰。从而在小组中三战全胜独自领跑，晋级欧冠复赛没有悬念。</p><p class=\"ql-align-justify\" style=\"border: 0px; margin-top: 0.63em; margin-bottom: 1.8em; padding: 0px; font-size: 18.018px; counter-reset: list-1 0 list-2 0 list-3 0 list-4 0 list-5 0 list-6 0 list-7 0 list-8 0 list-9 0; text-align: justify; color: rgb(25, 25, 25); font-family: &#39;PingFang SC&#39;, Arial, 微软雅黑, 宋体, simsun, sans-serif; line-height: 34.2342px; white-space: normal; background-color: rgb(255, 255, 255);\"><img src=\"http://localhost:8080/crowd-web/ueditor/jsp/upload/image/20181025/1540438439692089489.jpg\"/></p><p class=\"ql-align-justify\" style=\"border: 0px; margin-top: 0.63em; margin-bottom: 1.8em; padding: 0px; font-size: 18.018px; counter-reset: list-1 0 list-2 0 list-3 0 list-4 0 list-5 0 list-6 0 list-7 0 list-8 0 list-9 0; text-align: justify; color: rgb(25, 25, 25); font-family: &#39;PingFang SC&#39;, Arial, 微软雅黑, 宋体, simsun, sans-serif; line-height: 34.2342px; white-space: normal; background-color: rgb(255, 255, 255);\">本场比赛，巴萨方面在主场对于国米几乎是压制之势，无论是从控球率、射门次数、传球成功率、任意球次数等多项数据上，主队都是大幅度领先。如果本场比赛不是国米门神汉达诺维奇在门前高接低档的神勇表现，恐怕此役国米绝非是0比2小负给巴萨，遭遇到一场大比分惨败是在所难免。</p><p class=\"ql-align-justify\" style=\"border: 0px; margin-top: 0.63em; margin-bottom: 1.8em; padding: 0px; font-size: 18.018px; counter-reset: list-1 0 list-2 0 list-3 0 list-4 0 list-5 0 list-6 0 list-7 0 list-8 0 list-9 0; text-align: justify; color: rgb(25, 25, 25); font-family: &#39;PingFang SC&#39;, Arial, 微软雅黑, 宋体, simsun, sans-serif; line-height: 34.2342px; white-space: normal; background-color: rgb(255, 255, 255);\"><img src=\"http://localhost:8080/crowd-web/ueditor/jsp/upload/image/20181025/1540438439892013281.jpg\"/></p><p class=\"ql-align-justify\" style=\"border: 0px; margin-top: 0.63em; margin-bottom: 1.8em; padding: 0px; font-size: 18.018px; counter-reset: list-1 0 list-2 0 list-3 0 list-4 0 list-5 0 list-6 0 list-7 0 list-8 0 list-9 0; text-align: justify; color: rgb(25, 25, 25); font-family: &#39;PingFang SC&#39;, Arial, 微软雅黑, 宋体, simsun, sans-serif; line-height: 34.2342px; white-space: normal; background-color: rgb(255, 255, 255);\">此役的失利，对于国际米兰来说并不会造成致命打击，由于热刺和埃因霍温战平，蓝黑军团依旧是在小组中排名第二，领先身后的对手多达5分，只要国米能够在接下来的三场比赛中，再取得1场比赛的胜利，球队从欧冠小组中出线还是大有希望。</p><p><br/></p>', '2018-10-25 11:34:10', NULL, 3, '新浪', NULL, NULL, 1, NULL, 1, '然梅西在上周末的西甲联赛中重伤，使得巴萨方面失去了球队的大腿，再加上国际米兰目前在各项赛事中豪取一波7连胜，球队士气正旺，但是在诺坎普，蓝黑军团依旧不是巴萨的对手。在今日凌晨结束的一场欧冠小组赛焦点之战中，巴萨在主场迎接国际米兰的挑战，面对这个此前从未在诺坎普带走过胜利的对手，巴萨方面即便梅西缺阵，还是较为轻松的在主场2比0击败来访的国际米兰。从而在小组中三战全胜独自领跑，晋级欧冠复赛没有悬念。本场比赛，巴萨方面在主场对于国米几乎是压制之势，无论是从控球率、射门次数、传球成功率、任意球次数等多项数据上，主队都是大幅度领先。如果本场比赛不是国米门神汉达诺维奇在门前高接低档的神勇表现，恐怕此役国米绝非是0比2小负给巴萨，遭遇到一场大比分惨败是在所难免。此役的失利，对于国际米兰来说并不会造成致命打击，由于热刺和埃因霍温战平，蓝黑军团依旧是在小组中排名第二，领先身后的对手多达5分，只要国米能够在接下来的三场比赛中，再取得1场比赛的胜利，球队从欧冠小组中出线还是大有希望。');
INSERT INTO `d_news` VALUES (72, '弗格森', NULL, '<p style=\"margin-top: 0px; margin-bottom: 30px; padding: 0px; color: rgb(77, 79, 83); font-family: &#39;Hiragino Sans GB&#39;, &#39;Microsoft Yahei&#39;, 微软雅黑, SimSun, 宋体, Arial; font-size: 18px; letter-spacing: 1px; line-height: 32px; white-space: normal;\">合影中，C罗和弗格森爵士都面带微笑。C罗笑着身出大拇指，另一只手则搂着爵爷的肩膀。爵爷也状态不错。看得出来，再次重逢，两人都显得很开心。</p><p><img src=\"http://localhost:8080/crowd-web/ueditor/jsp/upload/image/20181025/1540438478200072344.jpg\" alt=\"爵爷和C罗欧洲杯决赛后也曾拥抱\"/><span class=\"img_descr\" style=\"line-height: 20px; padding: 6px 0px; font-size: 16px; margin: 5px auto; display: inline-block; zoom: 1; text-align: left; font-weight: bold;\">爵爷和C罗欧洲杯决赛后也曾拥抱</span></p><p style=\"margin-top: 0px; margin-bottom: 30px; padding: 0px; color: rgb(77, 79, 83); font-family: &#39;Hiragino Sans GB&#39;, &#39;Microsoft Yahei&#39;, 微软雅黑, SimSun, 宋体, Arial; font-size: 18px; letter-spacing: 1px; line-height: 32px; white-space: normal;\">　　C罗在这条更新的图片下写道：“一位伟大的教练，更是一位了不起的人。无论场上还是场下，都教会了我太多东西。看看到你身体无恙真是太好了，老板。”</p><p><br/></p>', '2018-10-25 11:34:46', NULL, 3, '新浪', NULL, NULL, 1, NULL, 1, '合影中，C罗和弗格森爵士都面带微笑。C罗笑着身出大拇指，另一只手则搂着爵爷的肩膀。爵爷也状态不错。看得出来，再次重逢，两人都显得很开心。爵爷和C罗欧洲杯决赛后也曾拥抱　　C罗在这条更新的图片下写道：“一位伟大的教练，更是一位了不起的人。无论场上还是场下，都教会了我太多东西。看看到你身体无恙真是太好了，老板。”');
INSERT INTO `d_news` VALUES (73, '美国开出惊世大奖', NULL, '<p style=\"margin-top: 22px; margin-bottom: 0px; padding: 0px; line-height: 24px; color: rgb(51, 51, 51); text-align: justify; font-family: arial; white-space: normal; background-color: rgb(255, 255, 255);\">美国开出惊世大奖。</p><p style=\"margin-top: 22px; margin-bottom: 0px; padding: 0px; line-height: 24px; color: rgb(51, 51, 51); text-align: justify; font-family: arial; white-space: normal; background-color: rgb(255, 255, 255);\">当地时间23日晚，头等奖金额高达16亿美元的美国“兆彩”彩票开奖。“兆彩”官网24日称，南卡罗来纳州的一名彩民中得头奖，将独享奖金。据美国广播公司（ABC）报道，此次头奖奖金高达15.37亿美元（约合106.7亿元人民币）。中奖人可以选择一次性直接提走8.78亿美元（约合60.9亿元人民币），或者分29年提走全部15.37亿美元。目前中奖者还未现身。</p><p><img class=\"normal\" width=\"478px\" src=\"http://localhost:8080/crowd-web/ueditor/jsp/upload/image/20181025/1540450770796089128.jpg\"/></p><p style=\"margin-top: 26px; margin-bottom: 0px; padding: 0px; line-height: 24px; color: rgb(51, 51, 51); text-align: justify; font-family: arial; white-space: normal; background-color: rgb(255, 255, 255);\">ABC称，这是“兆彩”历史上奖金最高的一次，同时也是美国历史上头奖第二高的彩票奖。2016年，美国“威力球”彩票曾创下单次奖金15.86亿美元的纪录。当时3名彩民分享了这笔奖金。</p><p><img class=\"normal\" width=\"500px\" src=\"http://localhost:8080/crowd-web/ueditor/jsp/upload/image/20181025/1540450770996001165.jpg\"/></p><p style=\"margin-top: 26px; margin-bottom: 0px; padding: 0px; line-height: 24px; color: rgb(51, 51, 51); text-align: justify; font-family: arial; white-space: normal; background-color: rgb(255, 255, 255);\">“兆彩”官网上公平的中奖消息。（“兆彩”官网截图）</p><p style=\"margin-top: 22px; margin-bottom: 0px; padding: 0px; line-height: 24px; color: rgb(51, 51, 51); text-align: justify; font-family: arial; white-space: normal; background-color: rgb(255, 255, 255);\">“兆彩”在美国43个州、哥伦比亚特区及美属维尔京群岛发售。彩票每周开奖，购彩者从1至75的数字中选择5个号码，再从1至15的数字中选择1个“百万球”号码，组成6个号码。“兆彩”是全美奖金纪录最高的彩票玩法。上一次“兆彩”开出头奖是今年7月24日，来自美国加州的11名彩民分享了5.43亿美元的奖金。此后再未有人中奖，奖金额也因此累积到历史新高。此次开奖前，美国出现一轮购彩热，甚至有外国人寻求彩票代购</p><p><br/></p>', '2018-10-25 14:59:41', NULL, 3, '百度', NULL, NULL, 1, NULL, 1, '美国开出惊世大奖。当地时间23日晚，头等奖金额高达16亿美元的美国“兆彩”彩票开奖。“兆彩”官网24日称，南卡罗来纳州的一名彩民中得头奖，将独享奖金。据美国广播公司（ABC）报道，此次头奖奖金高达15.37亿美元（约合106.7亿元人民币）。中奖人可以选择一次性直接提走8.78亿美元（约合60.9亿元人民币），或者分29年提走全部15.37亿美元。目前中奖者还未现身。ABC称，这是“兆彩”历史上奖金最高的一次，同时也是美国历史上头奖第二高的彩票奖。2016年，美国“威力球”彩票曾创下单次奖金15.86亿美元的纪录。当时3名彩民分享了这笔奖金。“兆彩”官网上公平的中奖消息。（“兆彩”官网截图）“兆彩”在美国43个州、哥伦比亚特区及美属维尔京群岛发售。彩票每周开奖，购彩者从1至75的数字中选择5个号码，再从1至15的数字中选择1个“百万球”号码，组成6个号码。“兆彩”是全美奖金纪录最高的彩票玩法。上一次“兆彩”开出头奖是今年7月24日，来自美国加州的11名彩民分享了5.43亿美元的奖金。此后再未有人中奖，奖金额也因此累积到历史新高。此次开奖前，美国出现一轮购彩热，甚至有外国人寻求彩票代购');
INSERT INTO `d_news` VALUES (75, '美军舰几乎在南海相', NULL, '<p style=\"margin-top: 0px; margin-bottom: 0px; padding: 0px; font-size: 16px; line-height: 24px; color: rgb(51, 51, 51); text-align: justify;\">原标题：美退役将领预言“中美15年后开战”，专家：冷战思维，不靠谱</p><p><img class=\"large\" src=\"http://localhost:8080/crowd-web/ueditor/jsp/upload/image/20181025/1540451590469062110.jpg\"/></p><p style=\"margin-top: 26px; margin-bottom: 0px; padding: 0px; font-size: 16px; line-height: 24px; color: rgb(51, 51, 51); text-align: justify;\">资料图：美国陆军驻欧洲前司令本霍奇斯</p><p style=\"margin-top: 22px; margin-bottom: 0px; padding: 0px; font-size: 16px; line-height: 24px; color: rgb(51, 51, 51); text-align: justify;\">[环球网报道 记者 丁洁芸 崔天也]美国退役将领24日出惊人论调：美国或在15年后与中国开战。</p><p style=\"margin-top: 22px; margin-bottom: 0px; padding: 0px; font-size: 16px; line-height: 24px; color: rgb(51, 51, 51); text-align: justify;\">听着有鼻子有眼。</p><p style=\"margin-top: 22px; margin-bottom: 0px; padding: 0px; font-size: 16px; line-height: 24px; color: rgb(51, 51, 51); text-align: justify;\">说出这番话的人是美国陆军驻欧洲前司令本霍奇斯。美联社10月25日报道称，本霍奇斯24日在华沙安全论坛上警告说，面对重新崛起的俄罗斯，美国的欧洲盟友们将不得不采取更多行动来确保其自身防御，因为美国需要将更多注意力集中在维护其在太平洋地区的利益上。</p><p style=\"margin-top: 22px; margin-bottom: 0px; padding: 0px; font-size: 16px; line-height: 24px; color: rgb(51, 51, 51); text-align: justify;\">霍奇斯称：“美国需要一个非常强大的欧洲支柱。我认为15年后，我们很有可能与中国开战。美国还不具备在欧洲以及在太平洋对付中国威胁所需的一切能力。”</p><p style=\"margin-top: 22px; margin-bottom: 0px; padding: 0px; font-size: 16px; line-height: 24px; color: rgb(51, 51, 51); text-align: justify;\">霍奇斯还声称，近日中美军舰几乎在南海相撞只是“中美两国关系日益紧张，在所有不同领域的竞争日益激烈”的迹象之一。其他问题包括中国“窃取技术”，以及通过资助非洲和欧洲项目获得对基础设施的控制权。</p><p style=\"margin-top: 22px; margin-bottom: 0px; padding: 0px; font-size: 16px; line-height: 24px; color: rgb(51, 51, 51); text-align: justify;\">对于这种“开战”言论，中国人民大学国际关系学院副院长金灿荣对环球网记者表示，这仅仅是这位退役将领的个人看法。这是一种带有冷战思维的观点，把可控的矛盾看成不可避免的冲突。</p><p style=\"margin-top: 22px; margin-bottom: 0px; padding: 0px; font-size: 16px; line-height: 24px; color: rgb(51, 51, 51); text-align: justify;\">“这还是典型的军事思维，”金灿荣说，在这名退役将领看来很多问题只能由军事手段解决，但其实现在越来越多的问题能够通过经济、外交等手段来解决。</p><p style=\"margin-top: 22px; margin-bottom: 0px; padding: 0px; font-size: 16px; line-height: 24px; color: rgb(51, 51, 51); text-align: justify;\">金灿荣还说，这只是他个人对未来的一个猜测，但多数猜测是不靠谱的。“他虽然指出了一些中美之间的矛盾，但这些矛盾不一定意味着会发生冲突。”</p><p style=\"margin-top: 22px; margin-bottom: 0px; padding: 0px; font-size: 16px; line-height: 24px; color: rgb(51, 51, 51); text-align: justify;\">金灿荣表示，从过去的历史来看，中美之间虽然围绕南海、朝鲜半岛等有诸多矛盾，且存在多年，但过去我们都非常成功地把这些矛盾控制住了。因此，未来控制住局势的可能性还是很大的。再者，15年以后中国的力量会更强大，届时中国将更有能力控制局势。</p><p><a href=\"http://news.sina.com.cn/c/2018-10-25/doc-ifxeuwws7890946.shtml\" target=\"_blank\" style=\"text-decoration: none; color: rgb(153, 153, 153);\">查看原文 &gt;&gt;</a></p><p><br/></p>', '2018-10-25 15:13:22', NULL, 3, '百度', NULL, NULL, 1, NULL, 1, '原标题：美退役将领预言“中美15年后开战”，专家：冷战思维，不靠谱资料图：美国陆军驻欧洲前司令本霍奇斯[环球网报道 记者 丁洁芸 崔天也]美国退役将领24日出惊人论调：美国或在15年后与中国开战。听着有鼻子有眼。说出这番话的人是美国陆军驻欧洲前司令本霍奇斯。美联社10月25日报道称，本霍奇斯24日在华沙安全论坛上警告说，面对重新崛起的俄罗斯，美国的欧洲盟友们将不得不采取更多行动来确保其自身防御，因为美国需要将更多注意力集中在维护其在太平洋地区的利益上。霍奇斯称：“美国需要一个非常强大的欧洲支柱。我认为15年后，我们很有可能与中国开战。美国还不具备在欧洲以及在太平洋对付中国威胁所需的一切能力。”霍奇斯还声称，近日中美军舰几乎在南海相撞只是“中美两国关系日益紧张，在所有不同领域的竞争日益激烈”的迹象之一。其他问题包括中国“窃取技术”，以及通过资助非洲和欧洲项目获得对基础设施的控制权。对于这种“开战”言论，中国人民大学国际关系学院副院长金灿荣对环球网记者表示，这仅仅是这位退役将领的个人看法。这是一种带有冷战思维的观点，把可控的矛盾看成不可避免的冲突。“这还是典型的军事思维，”金灿荣说，在这名退役将领看来很多问题只能由军事手段解决，但其实现在越来越多的问题能够通过经济、外交等手段来解决。金灿荣还说，这只是他个人对未来的一个猜测，但多数猜测是不靠谱的。“他虽然指出了一些中美之间的矛盾，但这些矛盾不一定意味着会发生冲突。”金灿荣表示，从过去的历史来看，中美之间虽然围绕南海、朝鲜半岛等有诸多矛盾，且存在多年，但过去我们都非常成功地把这些矛盾控制住了。因此，未来控制住局势的可能性还是很大的。再者，15年以后中国的力量会更强大，届时中国将更有能力控制局势。查看原文 >>');
INSERT INTO `d_news` VALUES (78, '美国“兆彩”彩票', NULL, '<p style=\"margin-top: 22px; margin-bottom: 0px; padding: 0px; line-height: 24px; color: rgb(51, 51, 51); text-align: justify; font-family: arial; white-space: normal; background-color: rgb(255, 255, 255);\">当地时间23日晚，头等奖金额高达16亿美元的美国“兆彩”彩票开奖。“兆彩”官网24日称，南卡罗来纳州的一名彩民中得头奖，将独享奖金。据美国广播公司（ABC）报道，此次头奖奖金高达15.37亿美元（约合106.7亿元人民币）。中奖人可以选择一次性直接提走8.78亿美元（约合60.9亿元人民币），或者分29年提走全部15.37亿美元。目前中奖者还未现身。</p><p><img class=\"normal\" width=\"478px\" src=\"http://localhost:8080/crowd-web/ueditor/jsp/upload/image/20181025/1540454823619055644.jpg\"/></p><p style=\"margin-top: 26px; margin-bottom: 0px; padding: 0px; line-height: 24px; color: rgb(51, 51, 51); text-align: justify; font-family: arial; white-space: normal; background-color: rgb(255, 255, 255);\">ABC称，这是“兆彩”历史上奖金最高的一次，同时也是美国历史上头奖第二高的彩票奖。2016年，美国“威力球”彩票曾创下单次奖金15.86亿美元的纪录。当时3名彩民分享了这笔奖金。</p><p><img class=\"normal\" width=\"500px\" src=\"http://localhost:8080/crowd-web/ueditor/jsp/upload/image/20181025/1540454823792048958.jpg\"/></p><p><br/></p>', '2018-10-25 16:07:16', NULL, 4, '新浪', NULL, NULL, 1, NULL, 1, '当地时间23日晚，头等奖金额高达16亿美元的美国“兆彩”彩票开奖。“兆彩”官网24日称，南卡罗来纳州的一名彩民中得头奖，将独享奖金。据美国广播公司（ABC）报道，此次头奖奖金高达15.37亿美元（约合106.7亿元人民币）。中奖人可以选择一次性直接提走8.78亿美元（约合60.9亿元人民币），或者分29年提走全部15.37亿美元。目前中奖者还未现身。ABC称，这是“兆彩”历史上奖金最高的一次，同时也是美国历史上头奖第二高的彩票奖。2016年，美国“威力球”彩票曾创下单次奖金15.86亿美元的纪录。当时3名彩民分享了这笔奖金。');
INSERT INTO `d_news` VALUES (79, '大巴黎”教鞭后，内马尔在', NULL, '<p style=\"margin-top: 26px; margin-bottom: 0px; padding: 0px; line-height: 24px; color: rgb(51, 51, 51); text-align: justify; font-family: arial; white-space: normal; background-color: rgb(255, 255, 255);\"><span class=\"bjh-p\">自图赫尔接手“大巴黎”教鞭后，内马尔在球队中的位置越来越靠后，他逐渐成为了球队的中场组织核心，成为进攻的第一发起点。上半场，内马尔先后给姆巴佩送出2脚好球，但是今晚脚感不佳的法国前锋却浪费了内马尔的好意。在久攻不下后，“大巴黎”后防失守，因西涅反击得手。下半场一开始，图赫尔变阵3中卫强攻取得很好的效果，穆尼耶制造对方乌龙球将比分扳平。不过，在将比分扳成1比1之后，“大巴黎”整支球队却好像被人踩了一脚急刹车，突然变得保守起来，其后防线也开始频频犯错。</span></p><p><img class=\"normal\" width=\"373px\" src=\"http://localhost:8080/crowd-web/ueditor/jsp/upload/image/20181025/1540455876947028726.gif\"/></p><p style=\"margin-top: 26px; margin-bottom: 0px; padding: 0px; line-height: 24px; color: rgb(51, 51, 51); text-align: justify; font-family: arial; white-space: normal; background-color: rgb(255, 255, 255);\"><span class=\"bjh-p\">第77分钟，法比安左侧肋部一脚并不太有威胁的远射，马基尼奥斯在禁区内将球挡下，却将球直接停给了对方前锋默滕斯，默滕斯笑纳大礼，他机警捅射命中右下角，2比1。那不勒斯幸运的将比分再次反超。可以说，在对方的这粒进球过程中，马基尼奥斯的乌龙助攻非常关键，这样一次低级失误也让“大巴黎”再涉险境。</span></p><p><img class=\"normal\" width=\"373px\" src=\"http://localhost:8080/crowd-web/ueditor/jsp/upload/image/20181025/1540455878174006640.gif\"/></p><p><img class=\"normal\" width=\"359px\" src=\"http://localhost:8080/crowd-web/ueditor/jsp/upload/image/20181025/1540455879258058451.gif\"/></p><p style=\"margin-top: 26px; margin-bottom: 0px; padding: 0px; line-height: 24px; color: rgb(51, 51, 51); text-align: justify; font-family: arial; white-space: normal; background-color: rgb(255, 255, 255);\"><span class=\"bjh-p\">在对手将比分反超后，“大巴黎”如梦初醒。在姆巴佩被重点限制、卡瓦尼被提前换下的情况下，内马尔像一名孤胆英雄一样带领球队反攻。第82分钟，内马尔的任意球攻门被对方门将神勇扑出。全场比赛补时第2分钟，内马尔左路强行起速突破对方防线，将球横传到中路，德拉克斯勒转移给迪马利亚，后者起左脚爆射破门，终于在第92分钟30秒时将</span></p><p><br/></p>', '2018-10-25 16:24:51', NULL, 4, '新浪', NULL, NULL, 1, NULL, 1, '自图赫尔接手“大巴黎”教鞭后，内马尔在球队中的位置越来越靠后，他逐渐成为了球队的中场组织核心，成为进攻的第一发起点。上半场，内马尔先后给姆巴佩送出2脚好球，但是今晚脚感不佳的法国前锋却浪费了内马尔的好意。在久攻不下后，“大巴黎”后防失守，因西涅反击得手。下半场一开始，图赫尔变阵3中卫强攻取得很好的效果，穆尼耶制造对方乌龙球将比分扳平。不过，在将比分扳成1比1之后，“大巴黎”整支球队却好像被人踩了一脚急刹车，突然变得保守起来，其后防线也开始频频犯错。第77分钟，法比安左侧肋部一脚并不太有威胁的远射，马基尼奥斯在禁区内将球挡下，却将球直接停给了对方前锋默滕斯，默滕斯笑纳大礼，他机警捅射命中右下角，2比1。那不勒斯幸运的将比分再次反超。可以说，在对方的这粒进球过程中，马基尼奥斯的乌龙助攻非常关键，这样一次低级失误也让“大巴黎”再涉险境。在对手将比分反超后，“大巴黎”如梦初醒。在姆巴佩被重点限制、卡瓦尼被提前换下的情况下，内马尔像一名孤胆英雄一样带领球队反攻。第82分钟，内马尔的任意球攻门被对方门将神勇扑出。全场比赛补时第2分钟，内马尔左路强行起速突破对方防线，将球横传到中路，德拉克斯勒转移给迪马利亚，后者起左脚爆射破门，终于在第92分钟30秒时将');
INSERT INTO `d_news` VALUES (80, '60万医学', NULL, '<p style=\"margin-top: 0px; margin-bottom: 0px; padding: 0px; line-height: 24px; color: rgb(51, 51, 51); text-align: justify; font-family: arial; white-space: normal; background-color: rgb(255, 255, 255);\">60万医学生仅10万从医？数据没有错，解读不靠谱</p><p style=\"margin-top: 22px; margin-bottom: 0px; padding: 0px; line-height: 24px; color: rgb(51, 51, 51); text-align: justify; font-family: arial; white-space: normal; background-color: rgb(255, 255, 255);\">记者了解到约八成医学生毕业后进入医疗系统，临床医学专业比例更高</p><p><img class=\"large\" src=\"http://localhost:8080/crowd-web/ueditor/jsp/upload/image/20181025/1540460729494024246.jpg\"/></p><p style=\"margin-top: 26px; margin-bottom: 0px; padding: 0px; line-height: 24px; color: rgb(51, 51, 51); text-align: justify; font-family: arial; white-space: normal; background-color: rgb(255, 255, 255);\">在微博热搜榜上，关于医学生的这两个数据你一定见过：60万医学生仅10万从医。</p><p style=\"margin-top: 22px; margin-bottom: 0px; padding: 0px; line-height: 24px; color: rgb(51, 51, 51); text-align: justify; font-family: arial; white-space: normal; background-color: rgb(255, 255, 255);\">这是北京协和医学院教授张宏冰不久前接受《半月谈》杂志采访时给出的数据，他说：“尽管我国每年培养60万医学生，但真正穿上白大褂的只有约10万人。”</p><p style=\"margin-top: 22px; margin-bottom: 0px; padding: 0px; line-height: 24px; color: rgb(51, 51, 51); text-align: justify; font-family: arial; white-space: normal; background-color: rgb(255, 255, 255);\">在这条微博热搜话题的讨论中，网友纷纷感慨，医学生从医的比例竟然只有1/6，远远低于大家的预想，医学生毕业了不从医，到底是哪里出了问题？</p><p style=\"margin-top: 22px; margin-bottom: 0px; padding: 0px; line-height: 24px; color: rgb(51, 51, 51); text-align: justify; font-family: arial; white-space: normal; background-color: rgb(255, 255, 255);\">报道中，一些医学院负责人表示，医生这一职业，风险大、门槛高、报酬低，导致很多年轻人不愿意穿上“白大褂”。</p><p style=\"margin-top: 22px; margin-bottom: 0px; padding: 0px; line-height: 24px; color: rgb(51, 51, 51); text-align: justify; font-family: arial; white-space: normal; background-color: rgb(255, 255, 255);\">事实真的是这样吗？医学生从事医生职业的积极性，真的大不如前了吗？</p><p style=\"margin-top: 22px; margin-bottom: 0px; padding: 0px; line-height: 24px; color: rgb(51, 51, 51); text-align: justify; font-family: arial; white-space: normal; background-color: rgb(255, 255, 255);\">60万医学生10万从医</p><p style=\"margin-top: 22px; margin-bottom: 0px; padding: 0px; line-height: 24px; color: rgb(51, 51, 51); text-align: justify; font-family: arial; white-space: normal; background-color: rgb(255, 255, 255);\">其实是数据的误读</p><p style=\"margin-top: 22px; margin-bottom: 0px; padding: 0px; line-height: 24px; color: rgb(51, 51, 51); text-align: justify; font-family: arial; white-space: normal; background-color: rgb(255, 255, 255);\">要知道数据的可信度，就得从数据来源说起。</p><p style=\"margin-top: 22px; margin-bottom: 0px; padding: 0px; line-height: 24px; color: rgb(51, 51, 51); text-align: justify; font-family: arial; white-space: normal; background-color: rgb(255, 255, 255);\">每年执业医师人数和医学毕业生人数的统计，都收录在国家卫生健康委员会(原国家卫生和计划生育委员会)历年的统计年鉴中。</p><p style=\"margin-top: 22px; margin-bottom: 0px; padding: 0px; line-height: 24px; color: rgb(51, 51, 51); text-align: justify; font-family: arial; white-space: normal; background-color: rgb(255, 255, 255);\">钱报记者在最新的《2017中国卫生和计划生育统计年鉴》中看到，2016年全国执业医师人数为2651398万人，2015年为2508408人，这样就可以算出2016年新增执业医师142990人。而2016年普通高校医学毕业生人数为674263人。</p><p style=\"margin-top: 22px; margin-bottom: 0px; padding: 0px; line-height: 24px; color: rgb(51, 51, 51); text-align: justify; font-family: arial; white-space: normal; background-color: rgb(255, 255, 255);\">从这里可以看到，张教授所说的60万医学生和10万医生，相对应的就是60多万的医学毕业生和10多万的新增执业医师。</p><p style=\"margin-top: 22px; margin-bottom: 0px; padding: 0px; line-height: 24px; color: rgb(51, 51, 51); text-align: justify; font-family: arial; white-space: normal; background-color: rgb(255, 255, 255);\">再倒推几年，2012年~2015年，新增执业医师人数分别是11万、14万、8万、13万，医学毕业生人数分别是51万、56万、59万和63万。</p><p style=\"margin-top: 22px; margin-bottom: 0px; padding: 0px; line-height: 24px; color: rgb(51, 51, 51); text-align: justify; font-family: arial; white-space: normal; background-color: rgb(255, 255, 255);\">按照新增执业医师/医学毕业生来算，近五年基本上在15%~26%之间浮动。那是不是意味着，每年就只有这么多比例的医学生愿意穿上“白大褂”呢？</p><p style=\"margin-top: 22px; margin-bottom: 0px; padding: 0px; line-height: 24px; color: rgb(51, 51, 51); text-align: justify; font-family: arial; white-space: normal; background-color: rgb(255, 255, 255);\">温州医科大学就业服务指导办公室副主任申恒运告诉钱报记者，年鉴中统计的是全部医学相关的专业，包括基础医学类、临床医学类、口腔医学类、公共卫生与预防医学类、中医学类、中西医结合类、药学类、中药学类、法医学类等等。但只有临床医学、牙科、中医、预防医学、眼视光科等几个专业的毕业生才有资格参加执业医师考试，成为执业医师。</p><p style=\"margin-top: 22px; margin-bottom: 0px; padding: 0px; line-height: 24px; color: rgb(51, 51, 51); text-align: justify; font-family: arial; white-space: normal; background-color: rgb(255, 255, 255);\">这些专业的医学生在全体医学生中占比有多少？没有系统的数据显示这部分医学生的占比，不过根据一些公开的医学院招生计划估计，通常占比在 20%~50%左右。</p><p style=\"margin-top: 22px; margin-bottom: 0px; padding: 0px; line-height: 24px; color: rgb(51, 51, 51); text-align: justify; font-family: arial; white-space: normal; background-color: rgb(255, 255, 255);\">而那些有资格的医学生里，也并非所有都能一次性通过执业医师考试。国家医学考试网曾公布过2014年医师资格考试的通过率。浙江考区的执业医师通过率位列全国前列，实践技能通过率为82%，综合笔试通过率为70%，这意味着那一年有42.6%的人没有通过。</p><p style=\"margin-top: 22px; margin-bottom: 0px; padding: 0px; line-height: 24px; color: rgb(51, 51, 51); text-align: justify; font-family: arial; white-space: normal; background-color: rgb(255, 255, 255);\">此外，《中华人民共和国执业医师法》</p><p><br/></p>', '2018-10-25 17:45:40', NULL, 4, '百度', NULL, NULL, 1, NULL, 1, '60万医学生仅10万从医？数据没有错，解读不靠谱记者了解到约八成医学生毕业后进入医疗系统，临床医学专业比例更高在微博热搜榜上，关于医学生的这两个数据你一定见过：60万医学生仅10万从医。这是北京协和医学院教授张宏冰不久前接受《半月谈》杂志采访时给出的数据，他说：“尽管我国每年培养60万医学生，但真正穿上白大褂的只有约10万人。”在这条微博热搜话题的讨论中，网友纷纷感慨，医学生从医的比例竟然只有1/6，远远低于大家的预想，医学生毕业了不从医，到底是哪里出了问题？报道中，一些医学院负责人表示，医生这一职业，风险大、门槛高、报酬低，导致很多年轻人不愿意穿上“白大褂”。事实真的是这样吗？医学生从事医生职业的积极性，真的大不如前了吗？60万医学生10万从医其实是数据的误读要知道数据的可信度，就得从数据来源说起。每年执业医师人数和医学毕业生人数的统计，都收录在国家卫生健康委员会(原国家卫生和计划生育委员会)历年的统计年鉴中。钱报记者在最新的《2017中国卫生和计划生育统计年鉴》中看到，2016年全国执业医师人数为2651398万人，2015年为2508408人，这样就可以算出2016年新增执业医师142990人。而2016年普通高校医学毕业生人数为674263人。从这里可以看到，张教授所说的60万医学生和10万医生，相对应的就是60多万的医学毕业生和10多万的新增执业医师。再倒推几年，2012年~2015年，新增执业医师人数分别是11万、14万、8万、13万，医学毕业生人数分别是51万、56万、59万和63万。按照新增执业医师/医学毕业生来算，近五年基本上在15%~26%之间浮动。那是不是意味着，每年就只有这么多比例的医学生愿意穿上“白大褂”呢？温州医科大学就业服务指导办公室副主任申恒运告诉钱报记者，年鉴中统计的是全部医学相关的专业，包括基础医学类、临床医学类、口腔医学类、公共卫生与预防医学类、中医学类、中西医结合类、药学类、中药学类、法医学类等等。但只有临床医学、牙科、中医、预防医学、眼视光科等几个专业的毕业生才有资格参加执业医师考试，成为执业医师。这些专业的医学生在全体医学生中占比有多少？没有系统的数据显示这部分医学生的占比，不过根据一些公开的医学院招生计划估计，通常占比在 20%~50%左右。而那些有资格的医学生里，也并非所有都能一次性通过执业医师考试。国家医学考试网曾公布过2014年医师资格考试的通过率。浙江考区的执业医师通过率位列全国前列，实践技能通过率为82%，综合笔试通过率为70%，这意味着那一年有42.6%的人没有通过。此外，《中华人民共和国执业医师法》');
INSERT INTO `d_news` VALUES (81, '国工商联在北京', NULL, '<p><img class=\"large\" src=\"http://localhost:8080/crowd-web/ueditor/jsp/upload/image/20181025/1540461318051082838.jpg\"/></p><p style=\"margin-top: 26px; margin-bottom: 0px; padding: 0px; line-height: 24px; color: rgb(51, 51, 51); text-align: justify; font-family: arial; white-space: normal; background-color: rgb(255, 255, 255);\">10月24日，全国工商联在北京举行新闻发布会，发布《改革开放40年百名杰出民营企业家名单》。泰康保险集团股份有限公司董事长兼CEO陈东升作为唯一的金融企业代表入选这一名单。</p><p style=\"margin-top: 22px; margin-bottom: 0px; padding: 0px; line-height: 24px; color: rgb(51, 51, 51); text-align: justify; font-family: arial; white-space: normal; background-color: rgb(255, 255, 255);\">在新闻发布会现场，陈东升围绕“企业家要成为社会的正能量”作了发言。他表示，企业家要坚持走专业化、市场化、规范化的道路，坚持走创新和效率驱动的道路；专注主业，深耕专业，把企业经营好；为社会创造财富和就业，为国家创造税收，为人民和公益慈善事业做贡献；成为社会的榜样与楷模，成为社会永远的正能量。</p><p style=\"margin-top: 22px; margin-bottom: 0px; padding: 0px; line-height: 24px; color: rgb(51, 51, 51); text-align: justify; font-family: arial; white-space: normal; background-color: rgb(255, 255, 255);\">作为92派企业家代表（指1992年邓小平南巡后成长起来的一批企业家），也与共和国一起走过改革开放40年，陈东升先后创办了嘉德拍卖、宅急送、泰康人寿三家企业，横跨金融保险、艺术拍卖、物流领域。其中，嘉德拍卖填补了我国现代拍卖行业的空白，泰康人寿大力发展医疗养老产业，形成了医养融合的商业模式。</p><p style=\"margin-top: 22px; margin-bottom: 0px; padding: 0px; line-height: 24px; color: rgb(51, 51, 51); text-align: justify; font-family: arial; white-space: normal; background-color: rgb(255, 255, 255);\">在改革开放40周年之际，陈东升曾在亚布力中国企业家论坛官方微信号撰文回忆了自己的40年下海历程，也分析了中国当下的经济状况。陈东升认为，今天中国已经跑马圈地的时代结束了，就是一个整合的时代，收购兼并的时代，你们做到细分细分再细分的前三，你要卖就能卖出价，你要扩张也可以在上下游进行整合，你也可以成巨无霸，你进可攻，退可守。如果你要是在细分的市场没有价值，卖都卖不出去，当人家整合的时候，当人家收购的时候，当一个巨无霸出来时候，你死都没人救，一根稻草都比不上。</p><p style=\"margin-top: 22px; margin-bottom: 0px; padding: 0px; line-height: 24px; color: rgb(51, 51, 51); text-align: justify; font-family: arial; white-space: normal; background-color: rgb(255, 255, 255);\">“92”派创始人，提出“创新率先模仿”</p><p><br/></p>', '2018-10-25 17:55:27', NULL, 4, '百度', NULL, NULL, 1, NULL, 1, '10月24日，全国工商联在北京举行新闻发布会，发布《改革开放40年百名杰出民营企业家名单》。泰康保险集团股份有限公司董事长兼CEO陈东升作为唯一的金融企业代表入选这一名单。在新闻发布会现场，陈东升围绕“企业家要成为社会的正能量”作了发言。他表示，企业家要坚持走专业化、市场化、规范化的道路，坚持走创新和效率驱动的道路；专注主业，深耕专业，把企业经营好；为社会创造财富和就业，为国家创造税收，为人民和公益慈善事业做贡献；成为社会的榜样与楷模，成为社会永远的正能量。作为92派企业家代表（指1992年邓小平南巡后成长起来的一批企业家），也与共和国一起走过改革开放40年，陈东升先后创办了嘉德拍卖、宅急送、泰康人寿三家企业，横跨金融保险、艺术拍卖、物流领域。其中，嘉德拍卖填补了我国现代拍卖行业的空白，泰康人寿大力发展医疗养老产业，形成了医养融合的商业模式。在改革开放40周年之际，陈东升曾在亚布力中国企业家论坛官方微信号撰文回忆了自己的40年下海历程，也分析了中国当下的经济状况。陈东升认为，今天中国已经跑马圈地的时代结束了，就是一个整合的时代，收购兼并的时代，你们做到细分细分再细分的前三，你要卖就能卖出价，你要扩张也可以在上下游进行整合，你也可以成巨无霸，你进可攻，退可守。如果你要是在细分的市场没有价值，卖都卖不出去，当人家整合的时候，当人家收购的时候，当一个巨无霸出来时候，你死都没人救，一根稻草都比不上。“92”派创始人，提出“创新率先模仿”');
INSERT INTO `d_news` VALUES (82, '号称德国最有权势的', NULL, '<p style=\"margin-top: 0px; margin-bottom: 0px; padding: 0px 0px 20px; color: rgb(51, 51, 51); font-family: &#39;Microsoft YaHei&#39;, 微软雅黑; font-size: 18px; line-height: 38px; white-space: normal; text-indent: 2em; background-color: rgb(255, 255, 255);\"><span style=\"margin: 0px; padding: 0px; text-indent: 2em;\">日前，号称德国最有权势的企业高管，奥迪的首席执行官施泰德被拘押在一所监狱内。据了解，他是被指控犯有欺诈和直接造假罪，随后大家也纷纷猜测，他的监狱生活是怎么样的。</span></p><center><img src=\"http://localhost:8080/crowd-web/ueditor/jsp/upload/image/20181025/1540461643456012389.jpg\" alt=\"奥迪高管被控欺诈\" width=\"550\" height=\"330\" title=\"奥迪高管被控欺诈\"/><br/></center><p style=\"margin-top: 0px; margin-bottom: 0px; padding: 0px 0px 20px; color: rgb(51, 51, 51); font-family: &#39;Microsoft YaHei&#39;, 微软雅黑; font-size: 18px; line-height: 38px; white-space: normal; text-indent: 2em; background-color: rgb(255, 255, 255);\">瑞士25日报道称，目前，施泰德拘押在德国奥格斯堡的加布林根监狱。这座监狱距离奥迪总部仅80公里。《南德意志报》实地探访后称，加布林根监狱是德国最现代化的监狱之一。里面有健身房，还有教堂合唱团等业余爱好组织。里面还关着奥迪公司的另一名与“排气门”丑闻相关的犯罪嫌疑人——沃尔夫冈·哈茨。他原来在奥迪负责发动机开发，去年下半年开始拘押在该监狱。</p><p style=\"margin-top: 0px; margin-bottom: 0px; padding: 0px 0px 20px; color: rgb(51, 51, 51); font-family: &#39;Microsoft YaHei&#39;, 微软雅黑; font-size: 18px; line-height: 38px; white-space: normal; text-indent: 2em; background-color: rgb(255, 255, 255);\">施泰德住在一个几平米的单人间里。里面有床、柜子和写字台等基本设施，但没有电视机。与其他囚犯一样，他被要求换上蓝色的棉质</p><p><br/></p>', '2018-10-25 18:00:54', NULL, 4, '新浪', NULL, NULL, 1, NULL, 1, '日前，号称德国最有权势的企业高管，奥迪的首席执行官施泰德被拘押在一所监狱内。据了解，他是被指控犯有欺诈和直接造假罪，随后大家也纷纷猜测，他的监狱生活是怎么样的。瑞士25日报道称，目前，施泰德拘押在德国奥格斯堡的加布林根监狱。这座监狱距离奥迪总部仅80公里。《南德意志报》实地探访后称，加布林根监狱是德国最现代化的监狱之一。里面有健身房，还有教堂合唱团等业余爱好组织。里面还关着奥迪公司的另一名与“排气门”丑闻相关的犯罪嫌疑人——沃尔夫冈·哈茨。他原来在奥迪负责发动机开发，去年下半年开始拘押在该监狱。施泰德住在一个几平米的单人间里。里面有床、柜子和写字台等基本设施，但没有电视机。与其他囚犯一样，他被要求换上蓝色的棉质');
INSERT INTO `d_news` VALUES (84, '视频222', NULL, '<p><video class=\"edui-upload-video  vjs-default-skin video-js\" controls=\"\" preload=\"none\" width=\"420\" height=\"280\" src=\"http://localhost:8080/crowd-web/ueditor/jsp/upload/video/20181026/1540538658784053982.mp4\" data-setup=\"{}\"></video></p>', '2018-10-26 15:24:32', NULL, 5, '22', NULL, NULL, 1, NULL, 1, '');
INSERT INTO `d_news` VALUES (85, '视频333333', NULL, '<p><video class=\"edui-upload-video  vjs-default-skin video-js\" controls=\"\" preload=\"none\" width=\"420\" height=\"280\" src=\"http://localhost:8080/crowd-web/ueditor/jsp/upload/video/20181026/1540539275433076614.mp4\" data-setup=\"{}\"></video></p>', '2018-10-26 15:34:48', NULL, 5, '33', NULL, NULL, 1, NULL, 1, '');
INSERT INTO `d_news` VALUES (86, '视频44444', NULL, '<p><video class=\"edui-upload-video  vjs-default-skin video-js\" controls=\"\" preload=\"none\" width=\"420\" height=\"280\" src=\"http://localhost:8080/crowd-web/ueditor/jsp/upload/video/20181026/1540539508212032431.mov\" data-setup=\"{}\"></video></p>', '2018-10-26 15:38:47', NULL, 5, '5444444444', NULL, NULL, 1, NULL, 1, '');
INSERT INTO `d_news` VALUES (87, '55555555555555', NULL, '<p><video class=\"edui-upload-video  vjs-default-skin video-js\" controls=\"\" preload=\"none\" width=\"420\" height=\"280\" src=\"http://localhost:8080/crowd-web/ueditor/jsp/upload/video/20181026/1540544295891066609.mov\" data-setup=\"{}\"></video></p>', '2018-10-26 16:58:24', NULL, 5, '55', NULL, NULL, 1, NULL, 1, '');
INSERT INTO `d_news` VALUES (89, '565467567', NULL, '<p><video class=\"edui-upload-video  vjs-default-skin video-js\" controls=\"\" preload=\"none\" width=\"420\" height=\"280\" src=\"http://localhost:8080/crowd-web/ueditor/jsp/upload/video/20181026/1540545297003006402.mov\" data-setup=\"{}\"></video></p>', '2018-10-26 17:15:04', NULL, 5, '456', NULL, NULL, 1, NULL, 1, '');
INSERT INTO `d_news` VALUES (90, '视频1111', NULL, '<p><video class=\"edui-upload-video  vjs-default-skin video-js\" controls=\"\" preload=\"none\" width=\"420\" height=\"280\" src=\"http://localhost:8080/crowd-web/ueditor/jsp/upload/video/20181026/1540547909828010499.mov\" data-setup=\"{}\"></video></p>', '2018-10-26 17:58:41', NULL, 5, '11', NULL, NULL, 1, NULL, 1, '');
INSERT INTO `d_news` VALUES (91, '2222222222222222222', NULL, '<p><video class=\"edui-upload-video  vjs-default-skin video-js\" controls=\"\" preload=\"none\" width=\"420\" height=\"280\" src=\"http://localhost:8080/crowd-web/ueditor/jsp/upload/video/20181026/1540548306619016644.mov\" data-setup=\"{}\"></video></p>', '2018-10-26 18:05:13', NULL, 5, '2', NULL, NULL, 1, NULL, 1, '');
INSERT INTO `d_news` VALUES (93, 'asda', NULL, '<p><video class=\"edui-upload-video  vjs-default-skin video-js\" controls=\"\" preload=\"none\" width=\"420\" height=\"280\" src=\"http://localhost:8080/crowd-web/ueditor/jsp/upload/video/20181026/1540549691091050639.mov\" data-setup=\"{}\"></video></p>', '2018-10-26 18:28:17', NULL, 5, '阿斯顿', NULL, NULL, 1, NULL, 1, '');
INSERT INTO `d_news` VALUES (94, '啊啊啊啊啊啊啊啊啊', NULL, '<p><video class=\"edui-upload-video  vjs-default-skin video-js\" controls=\"\" preload=\"none\" width=\"420\" height=\"280\" src=\"http://localhost:8080/crowd-web/ueditor/jsp/upload/video/20181026/1540549835741016836.mov\" data-setup=\"{}\"></video></p>', '2018-10-26 18:30:41', NULL, 5, 'a\'a', NULL, NULL, 1, NULL, 1, '');
INSERT INTO `d_news` VALUES (95, '测试', NULL, '<h1 style=\"margin: 20px auto 15px; padding: 0px; font-size: 24px; text-align: center; font-family: 微软雅黑; line-height: 32px; white-space: normal; background-color: rgb(255, 255, 255);\">近平谈妇女工作金句：支持妇女建功立业&nbsp;实现人生理想和梦想</h1><p class=\"sou\" style=\"margin: 10px auto 0px; padding: 0px; width: 639.609px; text-align: center; font-family: 宋体; font-size: 12px; line-height: 21.6px; white-space: normal; background-color: rgb(255, 255, 255);\">2018年10月29日08:03&nbsp;&nbsp;&nbsp;&nbsp;来源：<a href=\"http://cpc.people.com.cn/\" target=\"_blank\" style=\"color: rgb(0, 0, 0); text-decoration: none;\">人民网-中国共产党新闻网</a></p><p style=\"margin: 10px auto; padding: 0px; text-indent: 2em; font-stretch: normal; font-size: 18px; line-height: 36px; font-family: 微软雅黑;\"><span style=\"font-family: 楷体; text-indent: 2em; display: block;\">“中国将更加积极贯彻男女平等基本国策，发挥妇女‘半边天’作用，支持妇女建功立业、实现人生理想和梦想。<span style=\"text-indent: 2em;\">”</span>党的十八大以来，以习近平同志为核心的党中央高度重视妇女事业，习近平总书记在不同场合多次强调发展妇女事业的重要意义，为妇女工作的开展指明了方向。</span></p><p style=\"margin: 10px auto; padding: 0px; text-indent: 2em; font-stretch: normal; font-size: 18px; line-height: 36px; font-family: 微软雅黑;\"><span style=\"font-family: 楷体; text-indent: 2em; display: block;\">如何保障妇女权益，做好妇女工作？今天，新时代学习工作室带您回顾习近平总书记关于妇女事业的重要论述。<strong style=\"text-indent: 2em;\"><a href=\"http://cpc.people.com.cn/xuexi/GB/421030/index.html\" target=\"_blank\" style=\"color: rgb(0, 0, 0); text-decoration: none;\"><span style=\"color: rgb(178, 34, 34); text-indent: 2em;\">&gt;&gt;更多内容查看学习金句专栏</span></a></strong></span></p><p style=\"margin: 10px auto; padding: 0px; text-indent: 0em; font-stretch: normal; font-size: 18px; line-height: 36px; font-family: 微软雅黑; text-align: center;\"><img alt=\"\" src=\"http://localhost:8080/crowd-web/ueditor/jsp/upload/image/20181029/1540796992789092421.png\"/></p><p style=\"margin: 10px auto; padding: 0px; text-indent: 2em; font-stretch: normal; font-size: 18px; line-height: 36px; font-family: 微软雅黑;\"><strong>1.实现党的十八大提出的目标任务，实现中华民族伟大复兴，是党和国家工作大局，也是当代中国妇女运动的时代主题</strong></p><p style=\"margin: 10px auto; padding: 0px; text-indent: 2em; font-stretch: normal; font-size: 18px; line-height: 36px; font-family: 微软雅黑;\"><a href=\"http://cpc.people.com.cn/n/2013/1101/c64094-23396247.html\" target=\"_blank\" style=\"color: rgb(204, 0, 0);\">实现党的十八大提出的目标任务，实现中华民族伟大复兴，是党和国家工作大局，也是当代中国妇女运动的时代主题。要牢牢把握这一时代主题，把中国发展进步的历程同促进男女平等发展的历程更加紧密地融合在一起，使我国妇女事业发展具有更丰富的时代内涵，使我国亿万妇女肩负起更重要的责任担当。</a></p><p><br/></p>', '2018-10-29 15:09:57', NULL, 1, '测试', NULL, NULL, 1, NULL, 1, '近平谈妇女工作金句：支持妇女建功立业 实现人生理想和梦想2018年10月29日08:03    来源：人民网-中国共产党新闻网“中国将更加积极贯彻男女平等基本国策，发挥妇女‘半边天’作用，支持妇女建功立业、实现人生理想和梦想。”党的十八大以来，以习近平同志为核心的党中央高度重视妇女事业，习近平总书记在不同场合多次强调发展妇女事业的重要意义，为妇女工作的开展指明了方向。如何保障妇女权益，做好妇女工作？今天，新时代学习工作室带您回顾习近平总书记关于妇女事业的重要论述。>>更多内容查看学习金句专栏1.实现党的十八大提出的目标任务，实现中华民族伟大复兴，是党和国家工作大局，也是当代中国妇女运动的时代主题实现党的十八大提出的目标任务，实现中华民族伟大复兴，是党和国家工作大局，也是当代中国妇女运动的时代主题。要牢牢把握这一时代主题，把中国发展进步的历程同促进男女平等发展的历程更加紧密地融合在一起，使我国妇女事业发展具有更丰富的时代内涵，使我国亿万妇女肩负起更重要的责任担当。');
INSERT INTO `d_news` VALUES (96, '111111111111111', NULL, '<p><img src=\"http://localhost:8080/crowd-web/ueditor/jsp/upload/image/20181029/1540797193141011823.jpg\" title=\"1540797193141011823.jpg\" alt=\"b2b95fefc842873d927d1e523587d514.jpg\"/></p>', '2018-10-29 15:13:18', NULL, 1, '111', NULL, NULL, 1, NULL, 1, '');
INSERT INTO `d_news` VALUES (97, '发送到发送到发送到', NULL, '<p><img src=\"http://localhost:8080/crowd-web/ueditor/jsp/upload/image/20181031/1540978886192043892.jpg\" title=\"1540978886192043892.jpg\" alt=\"27e121ecd0e30d978b2ebf488eb953a9.jpg\"/><img src=\"http://localhost:8080/crowd-web/ueditor/jsp/upload/image/20181031/1540978886156034836.jpg\" title=\"1540978886156034836.jpg\" alt=\"7b0ce147780eac26ce9d902ce6b764ab.jpg\"/></p>', '2018-10-24 13:40', NULL, 4, '的分工地方鬼地方个', NULL, NULL, 1, 9, 2, '');
INSERT INTO `d_news` VALUES (98, '苏定方苏定方苏定方苏定方', NULL, '<p><img src=\"http://192.168.1.198:8080/crowd-web/ueditor/jsp/upload/image/20181031/1540980035946024928.jpg\" title=\"1540980035946024928.jpg\"/></p><p><img src=\"http://192.168.1.198:8080/crowd-web/ueditor/jsp/upload/image/20181031/1540980036047054489.jpg\" title=\"1540980036047054489.jpg\"/></p><p><img src=\"http://192.168.1.198:8080/crowd-web/ueditor/jsp/upload/image/20181031/1540980036042082482.jpg\" title=\"1540980036042082482.jpg\"/></p><p>慢慢喝，面板，；的空间撒快乐大脚卡拉时间到了卡视角看了的挤啊顺路快递叫劳卡山鳉的了看时间埃里克就劳卡山鳉懒得看<br/></p>', '2018-10-02 05:25', NULL, 4, '的分工的分工的分工', NULL, NULL, 1, 9, 2, '慢慢喝，面板，；的空间撒快乐大脚卡拉时间到了卡视角看了的挤啊顺路快递叫劳卡山鳉的了看时间埃里克就劳卡山鳉懒得看');
INSERT INTO `d_news` VALUES (99, '饭饭是你很棒是女女吧', NULL, '<p><img width=\"530\" height=\"340\" src=\"http://api.map.baidu.com/staticimage?center=116.411375,39.91026&zoom=14&width=530&height=340&markers=116.413387,39.910924\"/><video class=\"edui-upload-video  vjs-default-skin video-js\" controls=\"\" preload=\"none\" width=\"420\" height=\"280\" src=\"http://192.168.1.198:8080/crowd-web/ueditor/jsp/upload/video/20181031/1540980370375057736.mp4\" data-setup=\"{}\"></video>jhghgjhgjh交换机狂欢节课很快就接口和快接好<img src=\"http://192.168.1.198:8080/crowd-web/ueditor/jsp/upload/image/20181031/1540980414530042395.png\" title=\"1540980414530042395.png\" alt=\"(]OO~}T1MF0K9R~[]W5H277.png\"/></p><p></p>', '2018-10-09 13:45', NULL, 5, '还没好感觉好高', NULL, NULL, 1, NULL, 1, 'jhghgjhgjh交换机狂欢节课很快就接口和快接好');
INSERT INTO `d_news` VALUES (100, '哈哈哈哈哈哈哈哈哈哈哈哈哈哈哈哈哈哈哈哈哈哈哈哈哈哈哈哈哈哈哈哈哈哈哈哈哈哈哈哈哈哈哈哈哈哈哈哈哈哈哈哈哈哈哈哈哈哈好', NULL, '<p><video class=\"edui-upload-video  vjs-default-skin video-js\" controls=\"\" preload=\"none\" width=\"420\" height=\"280\" src=\"http://192.168.1.198:8080/crowd-web/ueditor/jsp/upload/video/20181031/1540980685591092934.mp4\" data-setup=\"{}\"></video>dslfkjsdl jlksdjflk jsdlkfj看量减少的路口军绿色看得见弗兰克竭斯底里开飞机莱克斯顿顺路快递叫发流口水的李开复流口水的弗兰克会计师的路口发</p>', '2018-10-31 18:11:55', NULL, 5, '哈哈哈哈哈', NULL, NULL, 1, NULL, 1, 'dslfkjsdl jlksdjflk jsdlkfj看量减少的路口军绿色看得见弗兰克竭斯底里开飞机莱克斯顿顺路快递叫发流口水的李开复流口水的弗兰克会计师的路口发');
INSERT INTO `d_news` VALUES (101, '123', NULL, '<p><video class=\"edui-upload-video  vjs-default-skin video-js\" controls=\"\" preload=\"none\" width=\"420\" height=\"280\" src=\"http://192.168.1.198:8080/crowd-web/ueditor/jsp/upload/video/20181031/1540980824787047644.mov\" data-setup=\"{}\"></video></p>', '2018-10-31 18:13:50', NULL, 5, '12', NULL, NULL, 1, NULL, 1, '');
INSERT INTO `d_news` VALUES (102, '安倍首次邀', NULL, '<p class=\"detailPic\" style=\"margin: 0px auto; padding: 0px; text-indent: 28px; line-height: 32px; text-align: center; word-wrap: break-word; word-break: normal; color: rgb(43, 43, 43); font-family: &#39;Microsoft Yahei&#39;; white-space: normal; background-color: rgb(255, 255, 255);\"><img src=\"http://192.168.1.198:8080/crowd-web/ueditor/jsp/upload/image/20181031/1540986821209005372.png\" title=\"1540869743575297.png\" alt=\"微信图片_20181030095849.png\"/></p><p style=\"margin-top: 0px; margin-bottom: 32px; padding: 0px; text-indent: 28px; line-height: 32px; text-align: center; word-wrap: break-word; word-break: normal; color: rgb(43, 43, 43); font-family: &#39;Microsoft Yahei&#39;; white-space: normal; background-color: rgb(255, 255, 255);\">印度总理莫迪和日本首相安倍晋三（图源：视觉中国）</p><p style=\"margin-top: 0px; margin-bottom: 32px; padding: 0px; text-indent: 28px; line-height: 32px; text-align: justify; word-wrap: break-word; word-break: normal; color: rgb(43, 43, 43); font-family: &#39;Microsoft Yahei&#39;; white-space: normal; background-color: rgb(255, 255, 255);\">原标题：警惕！印日军事再出新动作，印太格局变化微妙</p><p style=\"margin-top: 0px; margin-bottom: 32px; padding: 0px; text-indent: 28px; line-height: 32px; text-align: justify; word-wrap: break-word; word-break: normal; color: rgb(43, 43, 43); font-family: &#39;Microsoft Yahei&#39;; white-space: normal; background-color: rgb(255, 255, 255);\">10月27-29日，印度总理莫迪开启了对日本的访问。这是印日两国领导人年度会晤机制建立后的第十三次会晤，也是自莫迪上台以来同日本首相安倍的第五次互访会晤。</p><p style=\"margin-top: 0px; margin-bottom: 32px; padding: 0px; text-indent: 28px; line-height: 32px; text-align: justify; word-wrap: break-word; word-break: normal; color: rgb(43, 43, 43); font-family: &#39;Microsoft Yahei&#39;; white-space: normal; background-color: rgb(255, 255, 255);\">访问中的行程安排，颇为惹眼。10月28日的行程，特别凸显两国领导人的私人互动，尤其是安倍在位于山梨县鸣泽村的自家别墅里款待莫迪，<strong>这是安倍首次邀请外国要人至自家别墅。</strong>显然，这部分也是日本方面的投桃报李之举。2017年9月安倍晋三访问印度时，莫迪当时也特意安排了一场盛大的欢迎仪式，在古吉拉特邦举行了8公里公路表演和数万名当地民众的夹道欢迎，无疑令安倍印象深刻。</p><p style=\"margin-top: 0px; margin-bottom: 32px; padding: 0px; text-indent: 28px; line-height: 32px; text-align: justify; word-wrap: break-word; word-break: normal; color: rgb(43, 43, 43); font-family: &#39;Microsoft Yahei&#39;; white-space: normal; background-color: rgb(255, 255, 255);\">访问仪式上的热情贴心，实际上就已经意味着访问正式成果的丰硕。访问结束后发布的成果清单《印日在印太包含非洲的发展合作》中，将双方在广泛领域内的合作进行了详尽的梳理，合作之深、内容之广，在印日双边关系史上也是史无前例的。<strong>而随后发表的《印日愿景声明》，更是凸显出这一“特殊全球</strong></p><p><br/></p>', '2018-10-31 19:53:47', NULL, 1, '安倍首次邀', NULL, NULL, 1, NULL, 1, '印度总理莫迪和日本首相安倍晋三（图源：视觉中国）原标题：警惕！印日军事再出新动作，印太格局变化微妙10月27-29日，印度总理莫迪开启了对日本的访问。这是印日两国领导人年度会晤机制建立后的第十三次会晤，也是自莫迪上台以来同日本首相安倍的第五次互访会晤。访问中的行程安排，颇为惹眼。10月28日的行程，特别凸显两国领导人的私人互动，尤其是安倍在位于山梨县鸣泽村的自家别墅里款待莫迪，这是安倍首次邀请外国要人至自家别墅。显然，这部分也是日本方面的投桃报李之举。2017年9月安倍晋三访问印度时，莫迪当时也特意安排了一场盛大的欢迎仪式，在古吉拉特邦举行了8公里公路表演和数万名当地民众的夹道欢迎，无疑令安倍印象深刻。访问仪式上的热情贴心，实际上就已经意味着访问正式成果的丰硕。访问结束后发布的成果清单《印日在印太包含非洲的发展合作》中，将双方在广泛领域内的合作进行了详尽的梳理，合作之深、内容之广，在印日双边关系史上也是史无前例的。而随后发表的《印日愿景声明》，更是凸显出这一“特殊全球');
INSERT INTO `d_news` VALUES (103, '金庸', NULL, '<p style=\"margin-top: 0px; margin-bottom: 32px; padding: 0px; text-indent: 28px; line-height: 32px; text-align: justify; word-wrap: break-word; word-break: normal; color: rgb(43, 43, 43); font-family: &#39;Microsoft Yahei&#39;; white-space: normal; background-color: rgb(255, 255, 255);\">80年代起，金庸在两岸三地的政治间游刃有余，有人称他是“马基雅维利式知识分子”。2000年，他写道：“世上有不少更加令人悲伤的真事，旁人有很多，自己也有不少。”</p><p style=\"margin-top: 0px; margin-bottom: 32px; padding: 0px; text-indent: 28px; line-height: 32px; text-align: justify; word-wrap: break-word; word-break: normal; color: rgb(43, 43, 43); font-family: &#39;Microsoft Yahei&#39;; white-space: normal; background-color: rgb(255, 255, 255);\">没有人知道那些悲伤，也没人知道他临走时是否释怀。就像《天龙八部》结尾，段誉看着慕容复想：“各有各的缘法，安知他自己不是平安喜乐。如今他去了，也是解脱。”</p><p class=\"detailPic\" style=\"margin: 0px auto; padding: 0px; text-indent: 28px; line-height: 32px; text-align: center; word-wrap: break-word; word-break: normal; color: rgb(43, 43, 43); font-family: &#39;Microsoft Yahei&#39;; white-space: normal; background-color: rgb(255, 255, 255);\"><img alt=\"null\" src=\"http://192.168.1.198:8080/crowd-web/ueditor/jsp/upload/image/20181101/1541038022863014472.jpg\"/></p><p class=\"picIntro\" style=\"margin-top: 0px; margin-bottom: 32px; padding: 0px; font-size: 14px; line-height: 32px; text-align: center; word-wrap: break-word; word-break: normal; font-family: 楷体_gb2312, 楷体; color: rgb(43, 43, 43); white-space: normal; background-color: rgb(255, 255, 255);\">1</p><p style=\"margin-top: 0px; margin-bottom: 32px; padding: 0px; text-indent: 28px; line-height: 32px; text-align: justify; word-wrap: break-word; word-break: normal; color: rgb(43, 43, 43); font-family: &#39;Microsoft Yahei&#39;; white-space: normal; background-color: rgb(255, 255, 255);\">1962年5月12日，《明报》头版大横幅报道逃港潮，这是香港报纸第一次整版报道五月逃港事件。</p><p style=\"margin-top: 0px; margin-bottom: 32px; padding: 0px; text-indent: 28px; line-height: 32px; text-align: justify; word-wrap: break-word; word-break: normal; color: rgb(43, 43, 43); font-family: &#39;Microsoft Yahei&#39;; white-space: normal; background-color: rgb(255, 255, 255);\">当年，一江之隔的大陆跃进失败，沿海饥民开始逃往香港。但欧洲的左翼风暴早已吹到香港，许多报纸全面左转，对逃港消息一概沉默。</p><p style=\"margin-top: 0px; margin-bottom: 32px; padding: 0px; text-indent: 28px; line-height: 32px; text-align: justify; word-wrap: break-word; word-break: normal; color: rgb(43, 43, 43); font-family: &#39;Microsoft Yahei&#39;; white-space: normal; background-color: rgb(255, 255, 255);\">从4月起，《明报》记者开始抱怨，逃港这么大的消息，为什么不登？编辑问金庸，稿件能否刊登？</p><p style=\"margin-top: 0px; margin-bottom: 32px; padding: 0px; text-indent: 28px; line-height: 32px; text-align: justify; word-wrap: break-word; word-break: normal; color: rgb(43, 43, 43); font-family: &#39;Microsoft Yahei&#39;; white-space: normal; background-color: rgb(255, 255, 255);\">后来金庸回忆其做出刊登的决</p><p><br/></p>', '2018-11-01 10:07:12', NULL, 1, '金庸', NULL, NULL, 1, NULL, 1, '80年代起，金庸在两岸三地的政治间游刃有余，有人称他是“马基雅维利式知识分子”。2000年，他写道：“世上有不少更加令人悲伤的真事，旁人有很多，自己也有不少。”没有人知道那些悲伤，也没人知道他临走时是否释怀。就像《天龙八部》结尾，段誉看着慕容复想：“各有各的缘法，安知他自己不是平安喜乐。如今他去了，也是解脱。”11962年5月12日，《明报》头版大横幅报道逃港潮，这是香港报纸第一次整版报道五月逃港事件。当年，一江之隔的大陆跃进失败，沿海饥民开始逃往香港。但欧洲的左翼风暴早已吹到香港，许多报纸全面左转，对逃港消息一概沉默。从4月起，《明报》记者开始抱怨，逃港这么大的消息，为什么不登？编辑问金庸，稿件能否刊登？后来金庸回忆其做出刊登的决');
INSERT INTO `d_news` VALUES (104, '水泥路长杂草 80万扶贫资金哪能这样打“水漂”？', NULL, '<p style=\"margin-top: 0px; margin-bottom: 18px; padding: 0px; color: rgb(77, 79, 83); font-family: &quot;Microsoft Yahei&quot;, &quot;\\\\5FAE软雅黑&quot;, &quot;STHeiti Light&quot;, &quot;\\\\534E文细黑&quot;, SimSun, &quot;\\\\5B8B体&quot;, Arial, sans-serif; font-size: 18px; letter-spacing: 1px; white-space: normal; background-color: rgb(255, 255, 255);\">这几天，各省关于巡视整改进展情况的通报陆续公布，其中的一些细节值得关注。</p><p style=\"margin-top: 0px; margin-bottom: 18px; padding: 0px; color: rgb(77, 79, 83); font-family: &quot;Microsoft Yahei&quot;, &quot;\\\\5FAE软雅黑&quot;, &quot;STHeiti Light&quot;, &quot;\\\\534E文细黑&quot;, SimSun, &quot;\\\\5B8B体&quot;, Arial, sans-serif; font-size: 18px; letter-spacing: 1px; white-space: normal; background-color: rgb(255, 255, 255);\">　　就在10月31日，山东省委关于巡视整改进展情况的通报对外公布，通报中多次提到两个落马老虎——孙政才和令计划。</p><p style=\"margin-top: 0px; margin-bottom: 18px; padding: 0px; color: rgb(77, 79, 83); font-family: &quot;Microsoft Yahei&quot;, &quot;\\\\5FAE软雅黑&quot;, &quot;STHeiti Light&quot;, &quot;\\\\534E文细黑&quot;, SimSun, &quot;\\\\5B8B体&quot;, Arial, sans-serif; font-size: 18px; letter-spacing: 1px; white-space: normal; background-color: rgb(255, 255, 255);\">　　关注反腐的人大多知道，在老虎落马后，老虎曾经工作过的地方或单位大多有一个“动作”，即肃清流毒或余毒。</p><p style=\"margin-top: 0px; margin-bottom: 18px; padding: 0px; color: rgb(77, 79, 83); font-family: &quot;Microsoft Yahei&quot;, &quot;\\\\5FAE软雅黑&quot;, &quot;STHeiti Light&quot;, &quot;\\\\534E文细黑&quot;, SimSun, &quot;\\\\5B8B体&quot;, Arial, sans-serif; font-size: 18px; letter-spacing: 1px; white-space: normal; background-color: rgb(255, 255, 255);\">　　但孙政才和令计划，并未在山东工作过。</p><p style=\"margin-top: 0px; margin-bottom: 18px; padding: 0px; color: rgb(77, 79, 83); font-family: &quot;Microsoft Yahei&quot;, &quot;\\\\5FAE软雅黑&quot;, &quot;STHeiti Light&quot;, &quot;\\\\534E文细黑&quot;, SimSun, &quot;\\\\5B8B体&quot;, Arial, sans-serif; font-size: 18px; letter-spacing: 1px; white-space: normal; background-color: rgb(255, 255, 255);\"><span style=\"font-weight: 700 !important;\">　　与山东无关？</span></p><p style=\"margin-top: 0px; margin-bottom: 18px; padding: 0px; color: rgb(77, 79, 83); font-family: &quot;Microsoft Yahei&quot;, &quot;\\\\5FAE软雅黑&quot;, &quot;STHeiti Light&quot;, &quot;\\\\534E文细黑&quot;, SimSun, &quot;\\\\5B8B体&quot;, Arial, sans-serif; font-size: 18px; letter-spacing: 1px; white-space: normal; background-color: rgb(255, 255, 255);\">　　先来看下通报是怎么说的。</p><p style=\"margin-top: 0px; margin-bottom: 18px; padding: 0px; color: rgb(77, 79, 83); font-family: &quot;Microsoft Yahei&quot;, &quot;\\\\5FAE软雅黑&quot;, &quot;STHeiti Light&quot;, &quot;\\\\534E文细黑&quot;, SimSun, &quot;\\\\5B8B体&quot;, Arial, sans-serif; font-size: 18px; letter-spacing: 1px; white-space: normal; background-color: rgb(255, 255, 255);\">　　在山东省委的通报中提到，要彻底认清孙政才、令计划的真实面目和现实危害，全面肃清其流毒。</p><p style=\"margin-top: 0px; margin-bottom: 18px; padding: 0px; color: rgb(77, 79, 83); font-family: &quot;Microsoft Yahei&quot;, &quot;\\\\5FAE软雅黑&quot;, &quot;STHeiti Light&quot;, &quot;\\\\534E文细黑&quot;, SimSun, &quot;\\\\5B8B体&quot;, Arial, sans-serif; font-size: 18px; letter-spacing: 1px; white-space: normal; background-color: rgb(255, 255, 255);\">　　在济南市和青岛市的巡视整改通报中，也提到了这两个“大老虎”。</p><p style=\"margin-top: 0px; margin-bottom: 18px; padding: 0px; color: rgb(77, 79, 83); font-family: &quot;Microsoft Yahei&quot;, &quot;\\\\5FAE软雅黑&quot;, &quot;STHeiti Light&quot;, &quot;\\\\534E文细黑&quot;, SimSun, &quot;\\\\5B8B体&quot;, Arial, sans-serif; font-size: 18px; letter-spacing: 1px; white-space: normal; background-color: rgb(255, 255, 255);\">　　济南方面称“孙政才、令计划集政治变质、经济贪婪、生活腐化于一身，是党的十八大后仍然不收敛、不收手，问题严重突出、群众反映强烈，占据重要岗位的腐败分子典型”、“彻底肃清孙政才、令计划恶劣影响”。</p><p><img src=\"http://192.168.1.198:8080/crowd-web/ueditor/jsp/upload/image/20181101/1541039190597073044.jpg\" alt=\"\"/></p><p style=\"margin-top: 0px; margin-bottom: 18px; padding: 0px; color: rgb(77, 79, 83); font-family: &quot;Microsoft Yahei&quot;, &quot;\\\\5FAE软雅黑&quot;, &quot;STHeiti Light&quot;, &quot;\\\\534E文细黑&quot;, SimSun, &quot;\\\\5B8B体&quot;, Arial, sans-serif; font-size: 18px; letter-spacing: 1px; white-space: normal; background-color: rgb(255, 255, 255);\">　　而青岛方面则提到，“召开彻底清除孙政才、令计划恶劣影响专题市委常委会会议，切实抓好具体整改任务的落实”。</p><p style=\"margin-top: 0px; margin-bottom: 18px; padding: 0px; color: rgb(77, 79, 83); font-family: &quot;Microsoft Yahei&quot;, &quot;\\\\5FAE软雅黑&quot;, &quot;STHeiti Light&quot;, &quot;\\\\534E文细黑&quot;, SimSun, &quot;\\\\5B8B体&quot;, Arial, sans-serif; font-size: 18px; letter-spacing: 1px; white-space: normal; background-color: rgb(255, 255, 255);\">　　这则消息中有两点需要关注。</p><p style=\"margin-top: 0px; margin-bottom: 18px; padding: 0px; color: rgb(77, 79, 83); font-family: &quot;Microsoft Yahei&quot;, &quot;\\\\5FAE软雅黑&quot;, &quot;STHeiti Light&quot;, &quot;\\\\534E文细黑&quot;, SimSun, &quot;\\\\5B8B体&quot;, Arial, sans-serif; font-size: 18px; letter-spacing: 1px; white-space: normal; background-color: rgb(255, 255, 255);\">　　其一，大老虎落马后，相关地方和单位要肃清余毒或流毒的情况并不少，但把“孙政才、令计划”的流毒放在一起肃清的并不多；其二，孙政才和令计划，并未在山东工作过，似乎与山东没什么关系。</p><p style=\"margin-top: 0px; margin-bottom: 18px; padding: 0px; color: rgb(77, 79, 83); font-family: &quot;Microsoft Yahei&quot;, &quot;\\\\5FAE软雅黑&quot;, &quot;STHeiti Light&quot;, &quot;\\\\534E文细黑&quot;, SimSun, &quot;\\\\5B8B体&quot;, Arial, sans-serif; font-size: 18px; letter-spacing: 1px; white-space: normal; background-color: rgb(255, 255, 255);\">　　令计划和孙政才，分别在2016年7月4日和2018年5月8日一审被判处无期徒刑。</p><p style=\"margin-top: 0px; margin-bottom: 18px; padding: 0px; color: rgb(77, 79, 83); font-family: &quot;Microsoft Yahei&quot;, &quot;\\\\5FAE软雅黑&quot;, &quot;STHeiti Light&quot;, &quot;\\\\534E文细黑&quot;, SimSun, &quot;\\\\5B8B体&quot;, Arial, sans-serif; font-size: 18px; letter-spacing: 1px; white-space: normal; background-color: rgb(255, 255, 255);\">　　令计划早年在山西工作，当过山西省平陆县团委干部、副书记和运城地委干部，1979年到共青团中央宣传部工作，1994年任共青团中央宣传部部长，1995年从共青团到了中办。</p><p style=\"margin-top: 0px; margin-bottom: 18px; padding: 0px; color: rgb(77, 79, 83); font-family: &quot;Microsoft Yahei&quot;, &quot;\\\\5FAE软雅黑&quot;, &quot;STHeiti Light&quot;, &quot;\\\\534E文细黑&quot;, SimSun, &quot;\\\\5B8B体&quot;, Arial, sans-serif; font-size: 18px; letter-spacing: 1px; white-space: normal; background-color: rgb(255, 255, 255);\">　　2016年5月，检方对令计划提起公诉，当时的起诉书指控，令计划在多个岗位敛财，包括“中共中央办公厅副主任、主任、中央书记处书记、中央统战部部长、全国政协副主席”。</p><p><img src=\"http://192.168.1.198:8080/crowd-web/ueditor/jsp/upload/image/20181101/1541039190769055940.jpg\" alt=\"\"/></p><p style=\"margin-top: 0px; margin-bottom: 18px; padding: 0px; color: rgb(77, 79, 83); font-family: &quot;Microsoft Yahei&quot;, &quot;\\\\5FAE软雅黑&quot;, &quot;STHeiti Light&quot;, &quot;\\\\534E文细黑&quot;, SimSun, &quot;\\\\5B8B体&quot;, Arial, sans-serif; font-size: 18px; letter-spacing: 1px; white-space: normal; background-color: rgb(255, 255, 255);\">　　而在孙政才的案件中，法院审理查明，孙政才在多个岗位上敛财1.7亿余元，这几个岗位包括“北京市顺义区委书记，北京市委常委、市委秘书长，农业部部长，吉林省委书记，中央政治局委员、重庆市委书记”。</p><p style=\"margin-top: 0px; margin-bottom: 18px; padding: 0px; color: rgb(77, 79, 83); font-family: &quot;Microsoft Yahei&quot;, &quot;\\\\5FAE软雅黑&quot;, &quot;STHeiti Light&quot;, &quot;\\\\534E文细黑&quot;, SimSun, &quot;\\\\5B8B体&quot;, Arial, sans-serif; font-size: 18px; letter-spacing: 1px; white-space: normal; background-color: rgb(255, 255, 255);\">　　这几个岗位，也都不在山东。</p><p style=\"margin-top: 0px; margin-bottom: 18px; padding: 0px; color: rgb(77, 79, 83); font-family: &quot;Microsoft Yahei&quot;, &quot;\\\\5FAE软雅黑&quot;, &quot;STHeiti Light&quot;, &quot;\\\\534E文细黑&quot;, SimSun, &quot;\\\\5B8B体&quot;, Arial, sans-serif; font-size: 18px; letter-spacing: 1px; white-space: normal; background-color: rgb(255, 255, 255);\"><span style=\"font-weight: 700 !important;\">　　变化</span></p><p style=\"margin-top: 0px; margin-bottom: 18px; padding: 0px; color: rgb(77, 79, 83); font-family: &quot;Microsoft Yahei&quot;, &quot;\\\\5FAE软雅黑&quot;, &quot;STHeiti Light&quot;, &quot;\\\\534E文细黑&quot;, SimSun, &quot;\\\\5B8B体&quot;, Arial, sans-serif; font-size: 18px; letter-spacing: 1px; white-space: normal; background-color: rgb(255, 255, 255);\">　　在时间上来看，山东方面公开提到要肃清孙政才、令计划恶劣影响，是在中央纪委巡视之后。</p><p style=\"margin-top: 0px; margin-bottom: 18px; padding: 0px; color: rgb(77, 79, 83); font-family: &quot;Microsoft Yahei&quot;, &quot;\\\\5FAE软雅黑&quot;, &quot;STHeiti Light&quot;, &quot;\\\\534E文细黑&quot;, SimSun, &quot;\\\\5B8B体&quot;, Arial, sans-serif; font-size: 18px; letter-spacing: 1px; white-space: normal; background-color: rgb(255, 255, 255);\">　　2018年2月22日至5月22日，中央第七巡视组对山东省进行巡视，并将济南、青岛市委和市人大常委会、政府、政协党组主要负责人纳入巡视监督范围。</p><p style=\"margin-top: 0px; margin-bottom: 18px; padding: 0px; color: rgb(77, 79, 83); font-family: &quot;Microsoft Yahei&quot;, &quot;\\\\5FAE软雅黑&quot;, &quot;STHeiti Light&quot;, &quot;\\\\534E文细黑&quot;, SimSun, &quot;\\\\5B8B体&quot;, Arial, sans-serif; font-size: 18px; letter-spacing: 1px; white-space: normal; background-color: rgb(255, 255, 255);\">　　今年7月23日巡视组向山东反馈情况。在官方的通稿中，巡视反馈并未提及“孙政才、令计划”。</p><p><img src=\"http://192.168.1.198:8080/crowd-web/ueditor/jsp/upload/image/20181101/1541039191274049903.jpg\" alt=\"\"/></p><p style=\"margin-top: 0px; margin-bottom: 18px; padding: 0px; color: rgb(77, 79, 83); font-family: &quot;Microsoft Yahei&quot;, &quot;\\\\5FAE软雅黑&quot;, &quot;STHeiti Light&quot;, &quot;\\\\534E文细黑&quot;, SimSun, &quot;\\\\5B8B体&quot;, Arial, sans-serif; font-size: 18px; letter-spacing: 1px; white-space: normal; background-color: rgb(255, 255, 255);\">　　不过反馈提到了这么一句话——山东政治生态开始好转，但也存在一些领导干部官本位思想根深蒂固，圈子文化、跑要之风等突出问题。</p><p style=\"margin-top: 0px; margin-bottom: 18px; padding: 0px; color: rgb(77, 79, 83); font-family: &quot;Microsoft Yahei&quot;, &quot;\\\\5FAE软雅黑&quot;, &quot;STHeiti Light&quot;, &quot;\\\\534E文细黑&quot;, SimSun, &quot;\\\\5B8B体&quot;, Arial, sans-serif; font-size: 18px; letter-spacing: 1px; white-space: normal; background-color: rgb(255, 255, 255);\">　　变化渐显。</p><p style=\"margin-top: 0px; margin-bottom: 18px; padding: 0px; color: rgb(77, 79, 83); font-family: &quot;Microsoft Yahei&quot;, &quot;\\\\5FAE软雅黑&quot;, &quot;STHeiti Light&quot;, &quot;\\\\534E文细黑&quot;, SimSun, &quot;\\\\5B8B体&quot;, Arial, sans-serif; font-size: 18px; letter-spacing: 1px; white-space: normal; background-color: rgb(255, 255, 255);\">　　巡视反馈次日（7月24日），山东省委党的建设工作领导小组召开会议，提到坚决彻底肃清孙政才、令计划恶劣影响，引导党员干部做到“五个必须”“五个决不允许”，杜绝“七个有之”。</p><p style=\"margin-top: 0px; margin-bottom: 18px; padding: 0px; color: rgb(77, 79, 83); font-family: &quot;Microsoft Yahei&quot;, &quot;\\\\5FAE软雅黑&quot;, &quot;STHeiti Light&quot;, &quot;\\\\534E文细黑&quot;, SimSun, &quot;\\\\5B8B体&quot;, Arial, sans-serif; font-size: 18px; letter-spacing: 1px; white-space: normal; background-color: rgb(255, 255, 255);\">　　在巡视反馈一个月后（8月30日），山东方面开会听取中央巡视组反馈的政治生态、选人用人、意识形态、巡视巡察、扶贫领域5个专项报告整改工作汇报，这次会议再次提及“孙令”：“在思想上、政治上、组织上坚决彻底肃清孙政才、令计划恶劣影响，推动我省政治生态持续好转”。</p><p style=\"margin-top: 0px; margin-bottom: 18px; padding: 0px; color: rgb(77, 79, 83); font-family: &quot;Microsoft Yahei&quot;, &quot;\\\\5FAE软雅黑&quot;, &quot;STHeiti Light&quot;, &quot;\\\\534E文细黑&quot;, SimSun, &quot;\\\\5B8B体&quot;, Arial, sans-serif; font-size: 18px; letter-spacing: 1px; white-space: normal; background-color: rgb(255, 255, 255);\">　　划重点，在思想、政治和组织上肃清。</p><p style=\"margin-top: 0px; margin-bottom: 18px; padding: 0px; color: rgb(77, 79, 83); font-family: &quot;Microsoft Yahei&quot;, &quot;\\\\5FAE软雅黑&quot;, &quot;STHeiti Light&quot;, &quot;\\\\534E文细黑&quot;, SimSun, &quot;\\\\5B8B体&quot;, Arial, sans-serif; font-size: 18px; letter-spacing: 1px; white-space: normal; background-color: rgb(255, 255, 255);\">　　9月，山东省委书记刘家义在《中国纪检监察杂志》刊文，再次提及：</p><p style=\"margin-top: 0px; margin-bottom: 18px; padding: 0px; color: rgb(77, 79, 83); font-family: &quot;Microsoft Yahei&quot;, &quot;\\\\5FAE软雅黑&quot;, &quot;STHeiti Light&quot;, &quot;\\\\534E文细黑&quot;, SimSun, &quot;\\\\5B8B体&quot;, Arial, sans-serif; font-size: 18px; letter-spacing: 1px; white-space: normal; background-color: rgb(255, 255, 255);\">　　对“七个有之”高度警觉，严肃查处违背党中央大政方针和决策部署、搞两面派做两面人、破坏党内政治生态等问题，坚决同危害党中央权威和集中统一领导的言行作斗争，彻底清除孙政才、令计划等的恶劣影响，确保中央政令畅通。</p><p style=\"margin-top: 0px; margin-bottom: 18px; padding: 0px; color: rgb(77, 79, 83); font-family: &quot;Microsoft Yahei&quot;, &quot;\\\\5FAE软雅黑&quot;, &quot;STHeiti Light&quot;, &quot;\\\\534E文细黑&quot;, SimSun, &quot;\\\\5B8B体&quot;, Arial, sans-serif; font-size: 18px; letter-spacing: 1px; white-space: normal; background-color: rgb(255, 255, 255);\">　　10月的这份巡视整改通报提到：</p><p style=\"margin-top: 0px; margin-bottom: 18px; padding: 0px; color: rgb(77, 79, 83); font-family: &quot;Microsoft Yahei&quot;, &quot;\\\\5FAE软雅黑&quot;, &quot;STHeiti Light&quot;, &quot;\\\\534E文细黑&quot;, SimSun, &quot;\\\\5B8B体&quot;, Arial, sans-serif; font-size: 18px; letter-spacing: 1px; white-space: normal; background-color: rgb(255, 255, 255);\">　　深挖中央巡视反馈问题线索，对全面做好肃清孙政才、令计划流毒工作作出具体安排，坚决在政治上、思想上、组织上、纪律上、作风上彻底消除政治隐患、清除污染源头，打造政治上的绿水青山。</p><p style=\"margin-top: 0px; margin-bottom: 18px; padding: 0px; color: rgb(77, 79, 83); font-family: &quot;Microsoft Yahei&quot;, &quot;\\\\5FAE软雅黑&quot;, &quot;STHeiti Light&quot;, &quot;\\\\534E文细黑&quot;, SimSun, &quot;\\\\5B8B体&quot;, Arial, sans-serif; font-size: 18px; letter-spacing: 1px; white-space: normal; background-color: rgb(255, 255, 255);\">　　两个变化。</p><p style=\"margin-top: 0px; margin-bottom: 18px; padding: 0px; color: rgb(77, 79, 83); font-family: &quot;Microsoft Yahei&quot;, &quot;\\\\5FAE软雅黑&quot;, &quot;STHeiti Light&quot;, &quot;\\\\534E文细黑&quot;, SimSun, &quot;\\\\5B8B体&quot;, Arial, sans-serif; font-size: 18px; letter-spacing: 1px; white-space: normal; background-color: rgb(255, 255, 255);\">　　其一，说法从“清除/肃清孙令恶劣影响”变为了“全面肃清流毒”；其二，除了在思想、政治和组织上肃清外，还要在纪律和作风上肃清。</p><p style=\"margin-top: 0px; margin-bottom: 18px; padding: 0px; color: rgb(77, 79, 83); font-family: &quot;Microsoft Yahei&quot;, &quot;\\\\5FAE软雅黑&quot;, &quot;STHeiti Light&quot;, &quot;\\\\534E文细黑&quot;, SimSun, &quot;\\\\5B8B体&quot;, Arial, sans-serif; font-size: 18px; letter-spacing: 1px; white-space: normal; background-color: rgb(255, 255, 255);\">　　虽然“孙令”都没在山东工作，但孙的家乡，是山东荣成（威海市）。</p><p style=\"margin-top: 0px; margin-bottom: 18px; padding: 0px; color: rgb(77, 79, 83); font-family: &quot;Microsoft Yahei&quot;, &quot;\\\\5FAE软雅黑&quot;, &quot;STHeiti Light&quot;, &quot;\\\\534E文细黑&quot;, SimSun, &quot;\\\\5B8B体&quot;, Arial, sans-serif; font-size: 18px; letter-spacing: 1px; white-space: normal; background-color: rgb(255, 255, 255);\">　　据媒体报道，1963年，孙政才出生在山东荣成市一个叫五龙嘴的海边村，1987年，他自北京农林科学院毕业后，便留校工作。从玉米研究室副主任、土肥所所长、农林科学院副院长，孙政才一路升迁。</p><p style=\"margin-top: 0px; margin-bottom: 18px; padding: 0px; color: rgb(77, 79, 83); font-family: &quot;Microsoft Yahei&quot;, &quot;\\\\5FAE软雅黑&quot;, &quot;STHeiti Light&quot;, &quot;\\\\534E文细黑&quot;, SimSun, &quot;\\\\5B8B体&quot;, Arial, sans-serif; font-size: 18px; letter-spacing: 1px; white-space: normal; background-color: rgb(255, 255, 255);\">　　2012年11月20日，孙政才在卸任吉林省委书记时曾提到自己的家乡，“我山东人的性格气质与东北人有很多相近相通的地方。来到吉林后，很快融入这个大家庭。”</p><p style=\"margin-top: 0px; margin-bottom: 18px; padding: 0px; color: rgb(77, 79, 83); font-family: &quot;Microsoft Yahei&quot;, &quot;\\\\5FAE软雅黑&quot;, &quot;STHeiti Light&quot;, &quot;\\\\534E文细黑&quot;, SimSun, &quot;\\\\5B8B体&quot;, Arial, sans-serif; font-size: 18px; letter-spacing: 1px; white-space: normal; background-color: rgb(255, 255, 255);\">　　孙政才落马2个多月后，重庆市公安局原局长何挺落马。巧合的是，何挺也是山东荣成人，官方通报称何挺“为谋求职务晋升搞攀附”。</p><p style=\"margin-top: 0px; margin-bottom: 18px; padding: 0px; color: rgb(77, 79, 83); font-family: &quot;Microsoft Yahei&quot;, &quot;\\\\5FAE软雅黑&quot;, &quot;STHeiti Light&quot;, &quot;\\\\534E文细黑&quot;, SimSun, &quot;\\\\5B8B体&quot;, Arial, sans-serif; font-size: 18px; letter-spacing: 1px; white-space: normal; background-color: rgb(255, 255, 255);\"><span style=\"font-weight: 700 !important;\">　　家乡</span></p><p style=\"margin-top: 0px; margin-bottom: 18px; padding: 0px; color: rgb(77, 79, 83); font-family: &quot;Microsoft Yahei&quot;, &quot;\\\\5FAE软雅黑&quot;, &quot;STHeiti Light&quot;, &quot;\\\\534E文细黑&quot;, SimSun, &quot;\\\\5B8B体&quot;, Arial, sans-serif; font-size: 18px; letter-spacing: 1px; white-space: normal; background-color: rgb(255, 255, 255);\">　　提到“大老虎”的家乡，政知君忽然想到了十九大后落马的“首虎”鲁炜。</p><p style=\"margin-top: 0px; margin-bottom: 18px; padding: 0px; color: rgb(77, 79, 83); font-family: &quot;Microsoft Yahei&quot;, &quot;\\\\5FAE软雅黑&quot;, &quot;STHeiti Light&quot;, &quot;\\\\534E文细黑&quot;, SimSun, &quot;\\\\5B8B体&quot;, Arial, sans-serif; font-size: 18px; letter-spacing: 1px; white-space: normal; background-color: rgb(255, 255, 255);\">　　鲁炜落马前，官至中宣部副部长，公开资料显示，安徽是鲁炜出生和工作起步之地。在他落马后，安徽省委决定以鲁炜案件为反面教材，联系安徽发生的陈树隆、杨振超、周春雨等案件开展专题警示教育。</p><p style=\"margin-top: 0px; margin-bottom: 18px; padding: 0px; color: rgb(77, 79, 83); font-family: &quot;Microsoft Yahei&quot;, &quot;\\\\5FAE软雅黑&quot;, &quot;STHeiti Light&quot;, &quot;\\\\534E文细黑&quot;, SimSun, &quot;\\\\5B8B体&quot;, Arial, sans-serif; font-size: 18px; letter-spacing: 1px; white-space: normal; background-color: rgb(255, 255, 255);\">　　一些与鲁炜有过交往的干部也作出表态，“经组织批评教育，对鲁炜‘两面人’本质有了更加清醒的认识，对自己‘趋炎附势、讨巧卖乖’心理作出深刻反省。今后要保持政治定力，自觉抵制不良文化侵蚀，做政治生态的维护者、促进者。”</p><p style=\"margin-top: 0px; margin-bottom: 18px; padding: 0px; color: rgb(77, 79, 83); font-family: &quot;Microsoft Yahei&quot;, &quot;\\\\5FAE软雅黑&quot;, &quot;STHeiti Light&quot;, &quot;\\\\534E文细黑&quot;, SimSun, &quot;\\\\5B8B体&quot;, Arial, sans-serif; font-size: 18px; letter-spacing: 1px; white-space: normal; background-color: rgb(255, 255, 255);\">　　和孙不同，令计划是山西人，不过令计划的妻子谷丽萍，和孙政才一样，都是山东威海人。</p><p style=\"margin-top: 0px; margin-bottom: 18px; padding: 0px; color: rgb(77, 79, 83); font-family: &quot;Microsoft Yahei&quot;, &quot;\\\\5FAE软雅黑&quot;, &quot;STHeiti Light&quot;, &quot;\\\\534E文细黑&quot;, SimSun, &quot;\\\\5B8B体&quot;, Arial, sans-serif; font-size: 18px; letter-spacing: 1px; white-space: normal; background-color: rgb(255, 255, 255);\">　　政知君注意到，在令计划被调查之后，他的妻子谷丽萍也被带走调查，谷丽萍最著名的身份应当是“中国青年创业国际计划（YBC）总干事”。</p><p><img src=\"http://192.168.1.198:8080/crowd-web/ueditor/jsp/upload/image/20181101/1541039191463099296.jpg\" alt=\"\"/></p><p style=\"margin-top: 0px; margin-bottom: 18px; padding: 0px; color: rgb(77, 79, 83); font-family: &quot;Microsoft Yahei&quot;, &quot;\\\\5FAE软雅黑&quot;, &quot;STHeiti Light&quot;, &quot;\\\\534E文细黑&quot;, SimSun, &quot;\\\\5B8B体&quot;, Arial, sans-serif; font-size: 18px; letter-spacing: 1px; white-space: normal; background-color: rgb(255, 255, 255);\">　　公开资料介绍，YBC通过动员社会各界特别是工商界的资源，为创业青年提供导师辅导以及启动资金— 技术帮助—工商网络的支持。</p><p style=\"margin-top: 0px; margin-bottom: 18px; padding: 0px; color: rgb(77, 79, 83); font-family: &quot;Microsoft Yahei&quot;, &quot;\\\\5FAE软雅黑&quot;, &quot;STHeiti Light&quot;, &quot;\\\\534E文细黑&quot;, SimSun, &quot;\\\\5B8B体&quot;, Arial, sans-serif; font-size: 18px; letter-spacing: 1px; white-space: normal; background-color: rgb(255, 255, 255);\">　　但据媒体报道，YBC其实是谷丽萍利用公益组织的灰色地带广结政商朋友、掩盖权钱交易的主要平台，据澎湃新闻2015年2月报道，“山东是至今全国唯一一个实现地级市YBC创业办公室全覆盖的省份。”</p><p style=\"margin-top: 0px; margin-bottom: 18px; padding: 0px; color: rgb(77, 79, 83); font-family: &quot;Microsoft Yahei&quot;, &quot;\\\\5FAE软雅黑&quot;, &quot;STHeiti Light&quot;, &quot;\\\\534E文细黑&quot;, SimSun, &quot;\\\\5B8B体&quot;, Arial, sans-serif; font-size: 18px; letter-spacing: 1px; white-space: normal; background-color: rgb(255, 255, 255);\">　　在谷丽萍出事后，不少政商人士纷纷被调查，包括山东省枣庄市委原书记陈伟。</p><p style=\"margin-top: 0px; margin-bottom: 18px; padding: 0px; color: rgb(77, 79, 83); font-family: &quot;Microsoft Yahei&quot;, &quot;\\\\5FAE软雅黑&quot;, &quot;STHeiti Light&quot;, &quot;\\\\534E文细黑&quot;, SimSun, &quot;\\\\5B8B体&quot;, Arial, sans-serif; font-size: 18px; letter-spacing: 1px; white-space: normal; background-color: rgb(255, 255, 255);\">　　陈伟曾接连创造多个山东省内官员升迁纪录，他在36岁成为最年轻的正厅级官员、40 岁成为当时最年轻的市长。</p><p><br/></p>', '2018-11-08 11:55', NULL, 1, '孟亚旭', NULL, NULL, 1, 9, 2, '这几天，各省关于巡视整改进展情况的通报陆续公布，其中的一些细节值得关注。　　就在10月31日，山东省委关于巡视整改进展情况的通报对外公布，通报中多次提到两个落马老虎——孙政才和令计划。　　关注反腐的人大多知道，在老虎落马后，老虎曾经工作过的地方或单位大多有一个“动作”，即肃清流毒或余毒。　　但孙政才和令计划，并未在山东工作过。　　与山东无关？　　先来看下通报是怎么说的。　　在山东省委的通报中提到，要彻底认清孙政才、令计划的真实面目和现实危害，全面肃清其流毒。　　在济南市和青岛市的巡视整改通报中，也提到了这两个“大老虎”。　　济南方面称“孙政才、令计划集政治变质、经济贪婪、生活腐化于一身，是党的十八大后仍然不收敛、不收手，问题严重突出、群众反映强烈，占据重要岗位的腐败分子典型”、“彻底肃清孙政才、令计划恶劣影响”。　　而青岛方面则提到，“召开彻底清除孙政才、令计划恶劣影响专题市委常委会会议，切实抓好具体整改任务的落实”。　　这则消息中有两点需要关注。　　其一，大老虎落马后，相关地方和单位要肃清余毒或流毒的情况并不少，但把“孙政才、令计划”的流毒放在一起肃清的并不多；其二，孙政才和令计划，并未在山东工作过，似乎与山东没什么关系。　　令计划和孙政才，分别在2016年7月4日和2018年5月8日一审被判处无期徒刑。　　令计划早年在山西工作，当过山西省平陆县团委干部、副书记和运城地委干部，1979年到共青团中央宣传部工作，1994年任共青团中央宣传部部长，1995年从共青团到了中办。　　2016年5月，检方对令计划提起公诉，当时的起诉书指控，令计划在多个岗位敛财，包括“中共中央办公厅副主任、主任、中央书记处书记、中央统战部部长、全国政协副主席”。　　而在孙政才的案件中，法院审理查明，孙政才在多个岗位上敛财1.7亿余元，这几个岗位包括“北京市顺义区委书记，北京市委常委、市委秘书长，农业部部长，吉林省委书记，中央政治局委员、重庆市委书记”。　　这几个岗位，也都不在山东。　　变化　　在时间上来看，山东方面公开提到要肃清孙政才、令计划恶劣影响，是在中央纪委巡视之后。　　2018年2月22日至5月22日，中央第七巡视组对山东省进行巡视，并将济南、青岛市委和市人大常委会、政府、政协党组主要负责人纳入巡视监督范围。　　今年7月23日巡视组向山东反馈情况。在官方的通稿中，巡视反馈并未提及“孙政才、令计划”。　　不过反馈提到了这么一句话——山东政治生态开始好转，但也存在一些领导干部官本位思想根深蒂固，圈子文化、跑要之风等突出问题。　　变化渐显。　　巡视反馈次日（7月24日），山东省委党的建设工作领导小组召开会议，提到坚决彻底肃清孙政才、令计划恶劣影响，引导党员干部做到“五个必须”“五个决不允许”，杜绝“七个有之”。　　在巡视反馈一个月后（8月30日），山东方面开会听取中央巡视组反馈的政治生态、选人用人、意识形态、巡视巡察、扶贫领域5个专项报告整改工作汇报，这次会议再次提及“孙令”：“在思想上、政治上、组织上坚决彻底肃清孙政才、令计划恶劣影响，推动我省政治生态持续好转”。　　划重点，在思想、政治和组织上肃清。　　9月，山东省委书记刘家义在《中国纪检监察杂志》刊文，再次提及：　　对“七个有之”高度警觉，严肃查处违背党中央大政方针和决策部署、搞两面派做两面人、破坏党内政治生态等问题，坚决同危害党中央权威和集中统一领导的言行作斗争，彻底清除孙政才、令计划等的恶劣影响，确保中央政令畅通。　　10月的这份巡视整改通报提到：　　深挖中央巡视反馈问题线索，对全面做好肃清孙政才、令计划流毒工作作出具体安排，坚决在政治上、思想上、组织上、纪律上、作风上彻底消除政治隐患、清除污染源头，打造政治上的绿水青山。　　两个变化。　　其一，说法从“清除/肃清孙令恶劣影响”变为了“全面肃清流毒”；其二，除了在思想、政治和组织上肃清外，还要在纪律和作风上肃清。　　虽然“孙令”都没在山东工作，但孙的家乡，是山东荣成（威海市）。　　据媒体报道，1963年，孙政才出生在山东荣成市一个叫五龙嘴的海边村，1987年，他自北京农林科学院毕业后，便留校工作。从玉米研究室副主任、土肥所所长、农林科学院副院长，孙政才一路升迁。　　2012年11月20日，孙政才在卸任吉林省委书记时曾提到自己的家乡，“我山东人的性格气质与东北人有很多相近相通的地方。来到吉林后，很快融入这个大家庭。”　　孙政才落马2个多月后，重庆市公安局原局长何挺落马。巧合的是，何挺也是山东荣成人，官方通报称何挺“为谋求职务晋升搞攀附”。　　家乡　　提到“大老虎”的家乡，政知君忽然想到了十九大后落马的“首虎”鲁炜。　　鲁炜落马前，官至中宣部副部长，公开资料显示，安徽是鲁炜出生和工作起步之地。在他落马后，安徽省委决定以鲁炜案件为反面教材，联系安徽发生的陈树隆、杨振超、周春雨等案件开展专题警示教育。　　一些与鲁炜有过交往的干部也作出表态，“经组织批评教育，对鲁炜‘两面人’本质有了更加清醒的认识，对自己‘趋炎附势、讨巧卖乖’心理作出深刻反省。今后要保持政治定力，自觉抵制不良文化侵蚀，做政治生态的维护者、促进者。”　　和孙不同，令计划是山西人，不过令计划的妻子谷丽萍，和孙政才一样，都是山东威海人。　　政知君注意到，在令计划被调查之后，他的妻子谷丽萍也被带走调查，谷丽萍最著名的身份应当是“中国青年创业国际计划（YBC）总干事”。　　公开资料介绍，YBC通过动员社会各界特别是工商界的资源，为创业青年提供导师辅导以及启动资金— 技术帮助—工商网络的支持。　　但据媒体报道，YBC其实是谷丽萍利用公益组织的灰色地带广结政商朋友、掩盖权钱交易的主要平台，据澎湃新闻2015年2月报道，“山东是至今全国唯一一个实现地级市YBC创业办公室全覆盖的省份。”　　在谷丽萍出事后，不少政商人士纷纷被调查，包括山东省枣庄市委原书记陈伟。　　陈伟曾接连创造多个山东省内官员升迁纪录，他在36岁成为最年轻的正厅级官员、40 岁成为当时最年轻的市长。');
INSERT INTO `d_news` VALUES (105, '劳资要气死咯', NULL, '<p style=\"margin-top: 0px; margin-bottom: 30px; padding: 0px; text-size-adjust: 100%; font-family: &quot;Microsoft Yahei&quot;, 微软雅黑, &quot;STHeiti Light&quot;, 华文细黑, SimSun, 宋体, Arial, sans-serif; font-size: 18px; letter-spacing: 1px; white-space: normal;\">股价跌三成，雷军“翻倍”故事何以为继？</p><p style=\"margin-top: 0px; margin-bottom: 30px; padding: 0px; text-size-adjust: 100%; font-family: &quot;Microsoft Yahei&quot;, 微软雅黑, &quot;STHeiti Light&quot;, 华文细黑, SimSun, 宋体, Arial, sans-serif; font-size: 18px; letter-spacing: 1px; white-space: normal;\">　　科技股在上市时一般依据其成长性给出较高估值，但长期来看，仍会挂钩其经营利润与持续增长力，若公司长期无法实现净利润增长，估值回落就是必然。</p><p style=\"margin-top: 0px; margin-bottom: 30px; padding: 0px; text-size-adjust: 100%; font-family: &quot;Microsoft Yahei&quot;, 微软雅黑, &quot;STHeiti Light&quot;, 华文细黑, SimSun, 宋体, Arial, sans-serif; font-size: 18px; letter-spacing: 1px; white-space: normal;\">　　文|王倩</p><p style=\"margin-top: 0px; margin-bottom: 30px; padding: 0px; text-size-adjust: 100%; font-family: &quot;Microsoft Yahei&quot;, 微软雅黑, &quot;STHeiti Light&quot;, 华文细黑, SimSun, 宋体, Arial, sans-serif; font-size: 18px; letter-spacing: 1px; white-space: normal;\">　　相比发行价，小米的股价已经跌去三成。</p><p style=\"margin-top: 0px; margin-bottom: 30px; padding: 0px; text-size-adjust: 100%; font-family: &quot;Microsoft Yahei&quot;, 微软雅黑, &quot;STHeiti Light&quot;, 华文细黑, SimSun, 宋体, Arial, sans-serif; font-size: 18px; letter-spacing: 1px; white-space: normal;\">　　10月25日，小米集团股价低开低走，盘中最低跌逾4%，低见11.66港元，创上市新低。市值已经跌破400亿美元。而在上市之初，17港元的发行价，小米市值超过500亿美元。</p><p style=\"margin-top: 0px; margin-bottom: 30px; padding: 0px; text-size-adjust: 100%; font-family: &quot;Microsoft Yahei&quot;, 微软雅黑, &quot;STHeiti Light&quot;, 华文细黑, SimSun, 宋体, Arial, sans-serif; font-size: 18px; letter-spacing: 1px; white-space: normal;\">　　上市之后的小米上市后股价一蹶不振的原因是什么？雷军“股价会翻一倍”的承诺何时兑现？小米又将采取什么策略应对目前的颓势？《商学院》记者就相关问题向小米方面发去采访提纲，但是截止到发稿，小米方面并未回应。</p><p style=\"margin-top: 0px; margin-bottom: 30px; padding: 0px; text-size-adjust: 100%; font-family: &quot;Microsoft Yahei&quot;, 微软雅黑, &quot;STHeiti Light&quot;, 华文细黑, SimSun, 宋体, Arial, sans-serif; font-size: 18px; letter-spacing: 1px; white-space: normal;\">　<strong>　频繁遭遇机构下调</strong></p><p style=\"margin-top: 0px; margin-bottom: 30px; padding: 0px; text-size-adjust: 100%; font-family: &quot;Microsoft Yahei&quot;, 微软雅黑, &quot;STHeiti Light&quot;, 华文细黑, SimSun, 宋体, Arial, sans-serif; font-size: 18px; letter-spacing: 1px; white-space: normal;\">　　上市之初，雷军“翻倍”的豪言壮语，确实吸引了机构的目光。第一手机界研究院院长孙燕飚认为，从当初小米上市的市值来看，确实一部分机构相信了小米的资本故事，而另一部分对小米持怀疑态度。“否则，小米会实现千亿估值的梦想。”</p><p style=\"margin-top: 0px; margin-bottom: 30px; padding: 0px; text-size-adjust: 100%; font-family: &quot;Microsoft Yahei&quot;, 微软雅黑, &quot;STHeiti Light&quot;, 华文细黑, SimSun, 宋体, Arial, sans-serif; font-size: 18px; letter-spacing: 1px; white-space: normal;\">　　在小米上市之初，包括德意志资本、麦格里资本、<a href=\"http://finance.sina.com.cn/realstock/company/sh601788/nc.shtml\" target=\"_blank\" style=\"text-decoration-line: none; outline: 0px; -webkit-tap-highlight-color: transparent; color: rgb(73, 150, 199);\">光大证券</a>、<a href=\"http://finance.sina.com.cn/realstock/company/sh600369/nc.shtml\" target=\"_blank\" style=\"text-decoration-line: none; outline: 0px; -webkit-tap-highlight-color: transparent; color: rgb(73, 150, 199);\">西南证券</a>等在内的资本机构，均相信了雷军“翻倍”的豪言壮语，在发布的研报中均给予小米“增持”或者“买入”的评级，目标价从19.6港元/股到30.3港元/股不等，目前股价跟这些机构预测相去甚远。</p><p style=\"margin-top: 0px; margin-bottom: 30px; padding: 0px; text-size-adjust: 100%; font-family: &quot;Microsoft Yahei&quot;, 微软雅黑, &quot;STHeiti Light&quot;, 华文细黑, SimSun, 宋体, Arial, sans-serif; font-size: 18px; letter-spacing: 1px; white-space: normal;\">　　于是，改变悄悄来临。外资银行<a href=\"http://stock.finance.sina.com.cn/usstock/quotes/JPM.html\" class=\"keyword f_st\" target=\"_blank\" style=\"text-decoration-line: none; outline: 0px; -webkit-tap-highlight-color: transparent; color: rgb(73, 150, 199);\">摩根大通</a>近日调低小米的季度盈利及目标价。摩根大通报告指出，小米手机的出货量不可能出现显著增长，故调低股份目标价14.3%至18港元，第三季度经调整利率亦被调低6%至20.81亿元。</p><p style=\"margin-top: 0px; margin-bottom: 30px; padding: 0px; text-size-adjust: 100%; font-family: &quot;Microsoft Yahei&quot;, 微软雅黑, &quot;STHeiti Light&quot;, 华文细黑, SimSun, 宋体, Arial, sans-serif; font-size: 18px; letter-spacing: 1px; white-space: normal;\">　　在摩根大通的报告中，认为小米面临两个主要盈利增长阻力：1）在5G技术正是被采纳及广泛应用前，内地智能手机需求增长会持续疲弱；2）零售销售市场及网络游戏商业化能力转差，拖慢未来数季互联网服务收入增长。</p><p style=\"margin-top: 0px; margin-bottom: 30px; padding: 0px; text-size-adjust: 100%; font-family: &quot;Microsoft Yahei&quot;, 微软雅黑, &quot;STHeiti Light&quot;, 华文细黑, SimSun, 宋体, Arial, sans-serif; font-size: 18px; letter-spacing: 1px; white-space: normal;\">　　接踵而至的是麦格里资本。麦格里下调小米预测市盈率从35倍降至33倍；将其目标价由30港元降至25港元，维持“跑赢大市”评级。随后10月4日，建银国际将小米集团评级从跑赢大盘下调至中性，目标价从20港元下调至16港元。</p><p style=\"margin-top: 0px; margin-bottom: 30px; padding: 0px; text-size-adjust: 100%; font-family: &quot;Microsoft Yahei&quot;, 微软雅黑, &quot;STHeiti Light&quot;, 华文细黑, SimSun, 宋体, Arial, sans-serif; font-size: 18px; letter-spacing: 1px; white-space: normal;\">　　孙燕飚认为，小米的股价下行，主要受整个大的投资环境影响。虽然目前整体股价都在下行，但是遭遇机构下调评级的股票并不多。这也就意味着，机构对于小米的盈利模式依然存疑。</p><p style=\"margin-top: 0px; margin-bottom: 30px; padding: 0px; text-size-adjust: 100%; font-family: &quot;Microsoft Yahei&quot;, 微软雅黑, &quot;STHeiti Light&quot;, 华文细黑, SimSun, 宋体, Arial, sans-serif; font-size: 18px; letter-spacing: 1px; white-space: normal;\">　　易观分析师田杰认为，除了外部环境因素外，内部盈利问题也是小米股价下行的一大原因。科技股在上市时一般依据其成长性给出较高估值，但长期来看，仍会挂钩其经营利润与持续增长力，若公司长期无法实现净利润增长，估值回落就是必然。</p><p style=\"margin-top: 0px; margin-bottom: 30px; padding: 0px; text-size-adjust: 100%; font-family: &quot;Microsoft Yahei&quot;, 微软雅黑, &quot;STHeiti Light&quot;, 华文细黑, SimSun, 宋体, Arial, sans-serif; font-size: 18px; letter-spacing: 1px; white-space: normal;\">　　<strong>盈利模式遭资本质疑</strong></p><p style=\"margin-top: 0px; margin-bottom: 30px; padding: 0px; text-size-adjust: 100%; font-family: &quot;Microsoft Yahei&quot;, 微软雅黑, &quot;STHeiti Light&quot;, 华文细黑, SimSun, 宋体, Arial, sans-serif; font-size: 18px; letter-spacing: 1px; white-space: normal;\">　　根据小米发布的上市之后的首份财报显示，第二季度小米实现营收452.35亿元，同比增加68.3%，实现经调整净利润21.17亿元，同比增加25.1%。</p><p style=\"margin-top: 0px; margin-bottom: 30px; padding: 0px; text-size-adjust: 100%; font-family: &quot;Microsoft Yahei&quot;, 微软雅黑, &quot;STHeiti Light&quot;, 华文细黑, SimSun, 宋体, Arial, sans-serif; font-size: 18px; letter-spacing: 1px; white-space: normal;\">　　从收入结构来看，智能手机收入由2017年第二季度192.19亿元增长58.7%至2018年第二季度305.01亿元，占总收入百分比由71.5%下降至67.4%。同时，IOT与生活消费产品收入103.79亿元，同比增长18.9%；互联网服务收入39.58亿元，同比增长8.8%；两者收入合计所占百分比由27.9%提升至31.7%。</p><p style=\"margin-top: 0px; margin-bottom: 30px; padding: 0px; text-size-adjust: 100%; font-family: &quot;Microsoft Yahei&quot;, 微软雅黑, &quot;STHeiti Light&quot;, 华文细黑, SimSun, 宋体, Arial, sans-serif; font-size: 18px; letter-spacing: 1px; white-space: normal;\">　　虽然小米的第二季度互联网服务收入营收占比为8.8%，但是相较于第一季度的9.4%下降了0.2个百分点。小米CFO周受资在投资人电话会议上回应投资人质疑时称，互联网服务占比的下滑不完全代表真实情况，小米互联网服务增长超过60%，在可比相对规模来说是非常快的增速，总体符合预期，主要是其他收入增长，IOT增长特别快。</p><p style=\"margin-top: 0px; margin-bottom: 30px; padding: 0px; text-size-adjust: 100%; font-family: &quot;Microsoft Yahei&quot;, 微软雅黑, &quot;STHeiti Light&quot;, 华文细黑, SimSun, 宋体, Arial, sans-serif; font-size: 18px; letter-spacing: 1px; white-space: normal;\">　　然而，小米的IOT毛利率却在下滑。财报显示，小米公司毛利率由去年同期的14.3%降至2018年第二季度的12.5%。手机、IOT分别是小米营收占比最高的两大业务，二者毛利率双双出现了下滑。小米在财报中提到，会有选择地优于毛利率考虑更高增长以取得关键产品的市场份额，为获得长期价值打下基础。</p><p style=\"margin-top: 0px; margin-bottom: 30px; padding: 0px; text-size-adjust: 100%; font-family: &quot;Microsoft Yahei&quot;, 微软雅黑, &quot;STHeiti Light&quot;, 华文细黑, SimSun, 宋体, Arial, sans-serif; font-size: 18px; letter-spacing: 1px; white-space: normal;\">　　但是IOT并不属于互联网收入。按照小米对IOT的归类，智能家居与生活消费品业务都被归入了IOT产品，但是这些产品本质上还是属于硬件产品。</p><p style=\"margin-top: 0px; margin-bottom: 30px; padding: 0px; text-size-adjust: 100%; font-family: &quot;Microsoft Yahei&quot;, 微软雅黑, &quot;STHeiti Light&quot;, 华文细黑, SimSun, 宋体, Arial, sans-serif; font-size: 18px; letter-spacing: 1px; white-space: normal;\">　　从整体的收入结构来看，小米的主要收入来源依旧只靠手机。虽然互联网收入有所增长，但是距离小米给自己的定位——互联网公司依旧有一定距离。孙燕飚表示，从小米的成长路径来看，走的是一条“性价比”的模式，而<a href=\"http://stock.finance.sina.com.cn/usstock/quotes/AAPL.html\" class=\"keyword f_st\" target=\"_blank\" style=\"text-decoration-line: none; outline: 0px; -webkit-tap-highlight-color: transparent; color: rgb(73, 150, 199);\">苹果</a>所走的是高价格模式。</p><p style=\"margin-top: 0px; margin-bottom: 30px; padding: 0px; text-size-adjust: 100%; font-family: &quot;Microsoft Yahei&quot;, 微软雅黑, &quot;STHeiti Light&quot;, 华文细黑, SimSun, 宋体, Arial, sans-serif; font-size: 18px; letter-spacing: 1px; white-space: normal;\">　　“小米与苹果，除了价格不同之外，其他的路径与苹果并无差别。”孙燕飚说道，“因而小米的硬件并不赚钱，小米将手机做成互联网的入口。然而从目前的利润来看，小米的转型并没有那么成功。”</p><p style=\"margin-top: 0px; margin-bottom: 30px; padding: 0px; text-size-adjust: 100%; font-family: &quot;Microsoft Yahei&quot;, 微软雅黑, &quot;STHeiti Light&quot;, 华文细黑, SimSun, 宋体, Arial, sans-serif; font-size: 18px; letter-spacing: 1px; white-space: normal;\">　　坚持定位互联网公司的小米，如果互联网收入不能取得突破性进展，雷军又将如何向投资人把故事讲圆。</p><p style=\"margin-top: 0px; margin-bottom: 30px; padding: 0px; text-size-adjust: 100%; font-family: &quot;Microsoft Yahei&quot;, 微软雅黑, &quot;STHeiti Light&quot;, 华文细黑, SimSun, 宋体, Arial, sans-serif; font-size: 18px; letter-spacing: 1px; white-space: normal;\">　　<strong>国际市场依然靠硬件支撑</strong></p><p style=\"margin-top: 0px; margin-bottom: 30px; padding: 0px; text-size-adjust: 100%; font-family: &quot;Microsoft Yahei&quot;, 微软雅黑, &quot;STHeiti Light&quot;, 华文细黑, SimSun, 宋体, Arial, sans-serif; font-size: 18px; letter-spacing: 1px; white-space: normal;\">　　根据外媒消息，小米2018年第三季度在印度智能手机出货量市场报告显示，小米以27%的市场份额位居印度市场之首，同时手机价格维持在150美元到250美元之间。手机型号主要以红米NOTE5系列，红米6系列，小米A系列产品为主打，主要机型以中低端为主。</p><p style=\"margin-top: 0px; margin-bottom: 30px; padding: 0px; text-size-adjust: 100%; font-family: &quot;Microsoft Yahei&quot;, 微软雅黑, &quot;STHeiti Light&quot;, 华文细黑, SimSun, 宋体, Arial, sans-serif; font-size: 18px; letter-spacing: 1px; white-space: normal;\">　　这是否也意味着，小米海外市场的收入依旧依靠硬件支撑？按照孙燕飚的说法，一直走性价比的小米手机，并不盈利。那么在印度市场，小米手机又能为小米带来多大的盈利？</p><p><ins><ins><a href=\"http://saxs.sina.com.cn/dsp/click?t=MjAxOC0xMS0wMSAxMToxNDowMi4xMTIJMTE4LjExMi41OC4yMDEJMTAuNzEuMi45Nl8xNTQxMDM5MTMwLjcyMzQ5OQk2ZGNiOTBjYy1lNTE2LTQwMDYtOTE3Ny1kNjNiMzE2NTY5ZjEJMzQwNTcyOAk1ODk1MzE0MDc3X1BJTlBBSS1DUEMJMzE4MjMwOAkxMDAwMDAJNS4wRS00CTEJdHJ1ZQlQRFBTMDAwMDAwMDU2MDU0CTM4NjI0OTQJUEMJaW1hZ2UJLQkwfDdoaDNaYU1sSTgwWHNUblV0NmpaQjR8bnVsbHxudWxsfGd6fDM0MDU3Mjh8NTYyeHJ4VGxLdmpDS0JvRjY4UjhPcnwwfHx8fEJ8fDB8fHwwfC0xfDAJCTEJLQktCS0JMAkxMC43MS4yLjk2XzE1NDEwMzkxMzAuNzIzNDk5CVBDX0lNQUdFCS0Jbm9ybWFsfHV2Zm0tcnQJCXVzZXJfdGFnOjIwNzQzOjAuMHx1c2VyX2FnZTo2MDA6MC4wfHVzZXJfZ2VuZGVyOjUwMjowLjB8dl96b25lOjMyNjAwMTowLjB8Y3Jvd2RzOnxfY3Jvd2RzOgkwCTEwMDAwMAk1MDAwMAktCQkwCQljNmI2NGE1ZC1kMDA0LTNjNzUtYjU1YS0xMThlM2Q0YmUyNmEJMA==&userid=10.71.2.96_1541039130.723499&auth=5fe4aecd8e90e190&p=ALjK54QRNG2K%2FNb4PphCQDJ%2BblGvMfKwdAgpCg%3D%3D&url=http%3A%2F%2Fsaxs.sina.com.cn%2Fclick%3Fid%3D17%26t%3DMDBiOGNhZTctODQxMS0zNDZkLThhZmMtZDZmODNlOTg0MjQwCTE3CVBEUFMwMDAwMDAwNTYwNTQJMzg2MjQ5NAkxCVJUQgktCVY0LjAuMF9fX1NYXzEwLjgzLjAuMjI0CQkJaXA6MTE4LjExMi41OC4yMDF8ZGV2aWNlaWQ6fGNvb2tpZToxMC43MS4yLjk2XzE1NDEwMzkxMzAuNzIzNDk5fGRpZDp8cGxhdDpwY3x0czoxNTQxMDQyMDQyfHRmOjAJYzZiNjRhNWQtZDAwNC0zYzc1LWI1NWEtMTE4ZTNkNGJlMjZh%26type%3D2%26url%3Dhttp%253A%252F%252Ftehui01.yg-mall.cn%252Fpidai%252Fjeep2%252F%253Fgzid%253Dn300250%26sina_sign%3D40574544186130bf&sign=db1332baedcce2a5\" target=\"_blank\" style=\"text-decoration-line: none; outline: 0px; -webkit-tap-highlight-color: transparent; color: rgb(51, 51, 51); display: block; line-height: 0;\"><img src=\"http://192.168.1.198:8080/crowd-web/ueditor/jsp/upload/image/20181101/1541042035844001430.jpg\" alt=\"//s3.pfp.sina.net/ea/ad/11/1/ef272a11e61b60f2e9aee1bc20b28396.jpg\"/></a></ins></ins></p><p style=\"margin-top: 0px; margin-bottom: 30px; padding: 0px; text-size-adjust: 100%; font-family: &quot;Microsoft Yahei&quot;, 微软雅黑, &quot;STHeiti Light&quot;, 华文细黑, SimSun, 宋体, Arial, sans-serif; font-size: 18px; letter-spacing: 1px; white-space: normal;\">　　通信专家刘启诚认为，小米手机出海面向印度、东南亚等低端市场，主要就是走量，毛利率势必会降低。</p><p style=\"margin-top: 0px; margin-bottom: 30px; padding: 0px; text-size-adjust: 100%; font-family: &quot;Microsoft Yahei&quot;, 微软雅黑, &quot;STHeiti Light&quot;, 华文细黑, SimSun, 宋体, Arial, sans-serif; font-size: 18px; letter-spacing: 1px; white-space: normal;\">　　根据国际调研机构IDC报告称，继2017年下滑0.3%之后，智能手机市场在2018年或将继续下滑，直至2019年才可能缓慢恢复增长。IDC预计2018年全球智能机销量为14.62亿部，少于2017年的14.65亿部。</p><p style=\"margin-top: 0px; margin-bottom: 30px; padding: 0px; text-size-adjust: 100%; font-family: &quot;Microsoft Yahei&quot;, 微软雅黑, &quot;STHeiti Light&quot;, 华文细黑, SimSun, 宋体, Arial, sans-serif; font-size: 18px; letter-spacing: 1px; white-space: normal;\">　　在手机出货量整体下滑的大背景下，小米的手机业务又能为小米支撑多久？按照小米的设想，小米主要通过手机来盘活资源，打通互联网服务，带动软件流量，推动软件、网络服务、广告等业务。从摩根大通的报告来看，资本市场对于小米多大程度上盘活手机业务存在疑虑。</p><p style=\"margin-top: 0px; margin-bottom: 30px; padding: 0px; text-size-adjust: 100%; font-family: &quot;Microsoft Yahei&quot;, 微软雅黑, &quot;STHeiti Light&quot;, 华文细黑, SimSun, 宋体, Arial, sans-serif; font-size: 18px; letter-spacing: 1px; white-space: normal;\">　　在<a href=\"http://finance.sina.com.cn/realstock/company/sz002736/nc.shtml\" target=\"_blank\" style=\"text-decoration-line: none; outline: 0px; -webkit-tap-highlight-color: transparent; color: rgb(73, 150, 199);\">国信证券</a>看来，雷军和公司管理层向外界传达的是小米是一家纯正的互联网公司，然而小米的业务结构显示，小米却是一家不折不扣的科技消费品公司。在一位光大证券分析师看来，小米目前的互联网变现能力仍然有待提升，IOT变现模式亦未形成。</p><p style=\"margin-top: 0px; margin-bottom: 30px; padding: 0px; text-size-adjust: 100%; font-family: &quot;Microsoft Yahei&quot;, 微软雅黑, &quot;STHeiti Light&quot;, 华文细黑, SimSun, 宋体, Arial, sans-serif; font-size: 18px; letter-spacing: 1px; white-space: normal;\">　　接下来，小米的故事如何讲？小米未来之路，还须且行且看。</p><p><br/></p>', '2018-11-01 11:13:57', NULL, 4, '小米雷军', NULL, NULL, 1, 17, NULL, '股价跌三成，雷军“翻倍”故事何以为继？　　科技股在上市时一般依据其成长性给出较高估值，但长期来看，仍会挂钩其经营利润与持续增长力，若公司长期无法实现净利润增长，估值回落就是必然。　　文|王倩　　相比发行价，小米的股价已经跌去三成。　　10月25日，小米集团股价低开低走，盘中最低跌逾4%，低见11.66港元，创上市新低。市值已经跌破400亿美元。而在上市之初，17港元的发行价，小米市值超过500亿美元。　　上市之后的小米上市后股价一蹶不振的原因是什么？雷军“股价会翻一倍”的承诺何时兑现？小米又将采取什么策略应对目前的颓势？《商学院》记者就相关问题向小米方面发去采访提纲，但是截止到发稿，小米方面并未回应。　　频繁遭遇机构下调　　上市之初，雷军“翻倍”的豪言壮语，确实吸引了机构的目光。第一手机界研究院院长孙燕飚认为，从当初小米上市的市值来看，确实一部分机构相信了小米的资本故事，而另一部分对小米持怀疑态度。“否则，小米会实现千亿估值的梦想。”　　在小米上市之初，包括德意志资本、麦格里资本、光大证券、西南证券等在内的资本机构，均相信了雷军“翻倍”的豪言壮语，在发布的研报中均给予小米“增持”或者“买入”的评级，目标价从19.6港元/股到30.3港元/股不等，目前股价跟这些机构预测相去甚远。　　于是，改变悄悄来临。外资银行摩根大通近日调低小米的季度盈利及目标价。摩根大通报告指出，小米手机的出货量不可能出现显著增长，故调低股份目标价14.3%至18港元，第三季度经调整利率亦被调低6%至20.81亿元。　　在摩根大通的报告中，认为小米面临两个主要盈利增长阻力：1）在5G技术正是被采纳及广泛应用前，内地智能手机需求增长会持续疲弱；2）零售销售市场及网络游戏商业化能力转差，拖慢未来数季互联网服务收入增长。　　接踵而至的是麦格里资本。麦格里下调小米预测市盈率从35倍降至33倍；将其目标价由30港元降至25港元，维持“跑赢大市”评级。随后10月4日，建银国际将小米集团评级从跑赢大盘下调至中性，目标价从20港元下调至16港元。　　孙燕飚认为，小米的股价下行，主要受整个大的投资环境影响。虽然目前整体股价都在下行，但是遭遇机构下调评级的股票并不多。这也就意味着，机构对于小米的盈利模式依然存疑。　　易观分析师田杰认为，除了外部环境因素外，内部盈利问题也是小米股价下行的一大原因。科技股在上市时一般依据其成长性给出较高估值，但长期来看，仍会挂钩其经营利润与持续增长力，若公司长期无法实现净利润增长，估值回落就是必然。　　盈利模式遭资本质疑　　根据小米发布的上市之后的首份财报显示，第二季度小米实现营收452.35亿元，同比增加68.3%，实现经调整净利润21.17亿元，同比增加25.1%。　　从收入结构来看，智能手机收入由2017年第二季度192.19亿元增长58.7%至2018年第二季度305.01亿元，占总收入百分比由71.5%下降至67.4%。同时，IOT与生活消费产品收入103.79亿元，同比增长18.9%；互联网服务收入39.58亿元，同比增长8.8%；两者收入合计所占百分比由27.9%提升至31.7%。　　虽然小米的第二季度互联网服务收入营收占比为8.8%，但是相较于第一季度的9.4%下降了0.2个百分点。小米CFO周受资在投资人电话会议上回应投资人质疑时称，互联网服务占比的下滑不完全代表真实情况，小米互联网服务增长超过60%，在可比相对规模来说是非常快的增速，总体符合预期，主要是其他收入增长，IOT增长特别快。　　然而，小米的IOT毛利率却在下滑。财报显示，小米公司毛利率由去年同期的14.3%降至2018年第二季度的12.5%。手机、IOT分别是小米营收占比最高的两大业务，二者毛利率双双出现了下滑。小米在财报中提到，会有选择地优于毛利率考虑更高增长以取得关键产品的市场份额，为获得长期价值打下基础。　　但是IOT并不属于互联网收入。按照小米对IOT的归类，智能家居与生活消费品业务都被归入了IOT产品，但是这些产品本质上还是属于硬件产品。　　从整体的收入结构来看，小米的主要收入来源依旧只靠手机。虽然互联网收入有所增长，但是距离小米给自己的定位——互联网公司依旧有一定距离。孙燕飚表示，从小米的成长路径来看，走的是一条“性价比”的模式，而苹果所走的是高价格模式。　　“小米与苹果，除了价格不同之外，其他的路径与苹果并无差别。”孙燕飚说道，“因而小米的硬件并不赚钱，小米将手机做成互联网的入口。然而从目前的利润来看，小米的转型并没有那么成功。”　　坚持定位互联网公司的小米，如果互联网收入不能取得突破性进展，雷军又将如何向投资人把故事讲圆。　　国际市场依然靠硬件支撑　　根据外媒消息，小米2018年第三季度在印度智能手机出货量市场报告显示，小米以27%的市场份额位居印度市场之首，同时手机价格维持在150美元到250美元之间。手机型号主要以红米NOTE5系列，红米6系列，小米A系列产品为主打，主要机型以中低端为主。　　这是否也意味着，小米海外市场的收入依旧依靠硬件支撑？按照孙燕飚的说法，一直走性价比的小米手机，并不盈利。那么在印度市场，小米手机又能为小米带来多大的盈利？　　通信专家刘启诚认为，小米手机出海面向印度、东南亚等低端市场，主要就是走量，毛利率势必会降低。　　根据国际调研机构IDC报告称，继2017年下滑0.3%之后，智能手机市场在2018年或将继续下滑，直至2019年才可能缓慢恢复增长。IDC预计2018年全球智能机销量为14.62亿部，少于2017年的14.65亿部。　　在手机出货量整体下滑的大背景下，小米的手机业务又能为小米支撑多久？按照小米的设想，小米主要通过手机来盘活资源，打通互联网服务，带动软件流量，推动软件、网络服务、广告等业务。从摩根大通的报告来看，资本市场对于小米多大程度上盘活手机业务存在疑虑。　　在国信证券看来，雷军和公司管理层向外界传达的是小米是一家纯正的互联网公司，然而小米的业务结构显示，小米却是一家不折不扣的科技消费品公司。在一位光大证券分析师看来，小米目前的互联网变现能力仍然有待提升，IOT变现模式亦未形成。　　接下来，小米的故事如何讲？小米未来之路，还须且行且看。');
INSERT INTO `d_news` VALUES (106, '新闻标题测试-01', NULL, '<p>发布一哥音乐视频</p><p><video class=\"edui-upload-video  vjs-default-skin video-js\" controls=\"\" preload=\"none\" width=\"420\" height=\"280\" src=\"http://192.168.1.198:8080/crowd-web/ueditor/jsp/upload/video/20181101/1541053000832030549.mp4\" data-setup=\"{}\"></video></p>', '2018-11-01 14:17:09', NULL, 4, '杨民东', NULL, NULL, 0, 17, NULL, '发布一哥音乐视频');
INSERT INTO `d_news` VALUES (107, '新闻视频测试', NULL, '<p><video class=\"edui-upload-video  vjs-default-skin video-js\" controls=\"\" preload=\"none\" width=\"420\" height=\"280\" src=\"http://192.168.1.198:8080/crowd-web/ueditor/jsp/upload/video/20181101/1541053116728016700.mp4\" data-setup=\"{}\"></video></p>', '2018-11-01 14:19:07', NULL, 5, '杨民东', NULL, NULL, 1, 9, 2, '');
INSERT INTO `d_news` VALUES (108, '郑国锋 - 倾城一笑', NULL, '<p><video class=\"edui-upload-video  vjs-default-skin video-js\" controls=\"\" preload=\"none\" width=\"420\" height=\"280\" src=\"http://192.168.1.198:8080/crowd-web/ueditor/jsp/upload/video/20181101/1541053933403001520.mkv\" data-setup=\"{}\"></video></p>', '2018-11-01 14:32:38', NULL, 5, '郑国锋', NULL, NULL, 1, 9, 2, '');
INSERT INTO `d_news` VALUES (109, '火锅', NULL, '<p><span style=\"color: rgb(51, 51, 51); font-family: Arial, Helvetica, sans-serif; font-size: 12px; background-color: rgb(245, 245, 245);\">我一直对朋友说：“我不想谈恋爱，我觉得一个人真的挺好的。”</span><span style=\"color: rgb(51, 51, 51); font-family: Arial, Helvetica, sans-serif; font-size: 12px; background-color: rgb(245, 245, 245);\">然后她们就会嘲笑我说：“你长的这么丑，谁要你？”</span><span style=\"color: rgb(51, 51, 51); font-family: Arial, Helvetica, sans-serif; font-size: 12px; background-color: rgb(245, 245, 245);\">我知道那都是开玩笑才说出的话</span><span style=\"color: rgb(51, 51, 51); font-family: Arial, Helvetica, sans-serif; font-size: 12px; background-color: rgb(245, 245, 245);\">但是&nbsp;我真的很想&nbsp;告诉她们</span><span style=\"color: rgb(51, 51, 51); font-family: Arial, Helvetica, sans-serif; font-size: 12px; background-color: rgb(245, 245, 245);\">其实&nbsp;我不是不愿意</span><span style=\"color: rgb(51, 51, 51); font-family: Arial, Helvetica, sans-serif; font-size: 12px; background-color: rgb(245, 245, 245);\">而是因为&nbsp;我真的忘不掉&nbsp;那个人</span><span style=\"color: rgb(51, 51, 51); font-family: Arial, Helvetica, sans-serif; font-size: 12px; background-color: rgb(245, 245, 245);\">“我单身，不是因为不想，只是心里，还住着一个不可能的人！”</span><img src=\"http://192.168.1.198:8080/crowd-web/ueditor/jsp/upload/image/20181101/1541054371749062981.png\" title=\"1541054371749062981.png\" alt=\"img5@2x.png\"/></p>', '2018-11-01 14:40:27', NULL, 3, '火锅', NULL, NULL, 0, 9, 2, '我一直对朋友说：“我不想谈恋爱，我觉得一个人真的挺好的。”然后她们就会嘲笑我说：“你长的这么丑，谁要你？”我知道那都是开玩笑才说出的话但是 我真的很想 告诉她们其实 我不是不愿意而是因为 我真的忘不掉 那个人“我单身，不是因为不想，只是心里，还住着一个不可能的人！”');

-- ----------------------------
-- Table structure for t_permission
-- ----------------------------
DROP TABLE IF EXISTS `t_permission`;
CREATE TABLE `t_permission`  (
  `id` int(11) NOT NULL AUTO_INCREMENT,
  `name` varchar(255) CHARACTER SET utf8 COLLATE utf8_general_ci NULL DEFAULT NULL,
  `pid` int(11) NULL DEFAULT NULL,
  `url` varchar(255) CHARACTER SET utf8 COLLATE utf8_general_ci NULL DEFAULT NULL,
  `icon` varchar(255) CHARACTER SET utf8 COLLATE utf8_general_ci NULL DEFAULT NULL,
  PRIMARY KEY (`id`) USING BTREE
) ENGINE = InnoDB AUTO_INCREMENT = 23 CHARACTER SET = utf8 COLLATE = utf8_general_ci ROW_FORMAT = Compact;

-- ----------------------------
-- Records of t_permission
-- ----------------------------
INSERT INTO `t_permission` VALUES (1, '系统菜单', 0, '', 'glyphicon glyphicon-th-list');
INSERT INTO `t_permission` VALUES (2, '控制面板', 1, NULL, 'glyphicon glyphicon-dashboard');
INSERT INTO `t_permission` VALUES (3, '权限管理', 1, NULL, 'glyphicon glyphicon glyphicon-tasks');
INSERT INTO `t_permission` VALUES (4, '用户维护', 3, '/user/index', 'glyphicon glyphicon-user');
INSERT INTO `t_permission` VALUES (5, '角色维护', 3, '/role/index', 'glyphicon glyphicon-king');
INSERT INTO `t_permission` VALUES (6, '许可维护', 3, '/permission/index', 'glyphicon glyphicon-lock');
INSERT INTO `t_permission` VALUES (10, '新闻管理', 1, '', 'glyphicon glyphicon glyphicon-tasks');
INSERT INTO `t_permission` VALUES (11, '新闻添加', 10, '/news/add', 'glyphicon glyphicon-glyphicon glyphicon glyphicon-tasks');
INSERT INTO `t_permission` VALUES (12, '新闻展示', 10, '/news/index', 'glyphicon glyphicon-glyphicon glyphicon glyphicon-tasks');
INSERT INTO `t_permission` VALUES (13, '用户新闻管理', 1, '', 'glyphicon glyphicon-glyphicon glyphicon glyphicon-glyphicon glyphicon glyphicon-tasks');
INSERT INTO `t_permission` VALUES (14, '用户新闻添加', 13, '/usernews/add', 'glyphicon glyphicon-glyphicon glyphicon glyphicon-tasks');
INSERT INTO `t_permission` VALUES (15, '用户新闻查看', 13, '/usernews/index', 'glyphicon glyphicon-glyphicon glyphicon glyphicon-tasks');
INSERT INTO `t_permission` VALUES (16, '管理员新闻管理', 1, NULL, 'glyphicon glyphicon glyphicon-tasks');
INSERT INTO `t_permission` VALUES (17, '管理员新闻添加', 16, '/managernews/add', 'glyphicon glyphicon-glyphicon glyphicon glyphicon-tasks');
INSERT INTO `t_permission` VALUES (18, '管理员新闻查看', 16, '/managernews/index', 'glyphicon glyphicon-glyphicon glyphicon glyphicon-tasks');
INSERT INTO `t_permission` VALUES (19, '数据统计', 1, '', 'glyphicon glyphicon glyphicon-tasks');
INSERT INTO `t_permission` VALUES (22, '数据导出展示', 19, '/export/index', 'glyphicon glyphicon glyphicon-tasks');

-- ----------------------------
-- Table structure for t_role
-- ----------------------------
DROP TABLE IF EXISTS `t_role`;
CREATE TABLE `t_role`  (
  `id` int(11) NOT NULL AUTO_INCREMENT,
  `name` varchar(255) CHARACTER SET utf8 COLLATE utf8_general_ci NULL DEFAULT NULL,
  PRIMARY KEY (`id`) USING BTREE
) ENGINE = InnoDB AUTO_INCREMENT = 11 CHARACTER SET = utf8 COLLATE = utf8_general_ci ROW_FORMAT = Compact;

-- ----------------------------
-- Records of t_role
-- ----------------------------
INSERT INTO `t_role` VALUES (1, '超级管理员');
INSERT INTO `t_role` VALUES (2, '管理员');
INSERT INTO `t_role` VALUES (3, '用户');

-- ----------------------------
-- Table structure for t_role_permission
-- ----------------------------
DROP TABLE IF EXISTS `t_role_permission`;
CREATE TABLE `t_role_permission`  (
  `id` int(11) NOT NULL AUTO_INCREMENT,
  `roleid` int(11) NULL DEFAULT NULL,
  `permissionid` int(11) NULL DEFAULT NULL,
  PRIMARY KEY (`id`) USING BTREE
) ENGINE = InnoDB AUTO_INCREMENT = 207 CHARACTER SET = utf8 COLLATE = utf8_general_ci ROW_FORMAT = Compact;

-- ----------------------------
-- Records of t_role_permission
-- ----------------------------
INSERT INTO `t_role_permission` VALUES (130, 3, 1);
INSERT INTO `t_role_permission` VALUES (131, 3, 13);
INSERT INTO `t_role_permission` VALUES (132, 3, 14);
INSERT INTO `t_role_permission` VALUES (133, 3, 15);
INSERT INTO `t_role_permission` VALUES (173, 2, 1);
INSERT INTO `t_role_permission` VALUES (174, 2, 16);
INSERT INTO `t_role_permission` VALUES (175, 2, 17);
INSERT INTO `t_role_permission` VALUES (176, 2, 18);
INSERT INTO `t_role_permission` VALUES (177, 2, 19);
INSERT INTO `t_role_permission` VALUES (178, 2, 22);
INSERT INTO `t_role_permission` VALUES (198, 1, 1);
INSERT INTO `t_role_permission` VALUES (199, 1, 3);
INSERT INTO `t_role_permission` VALUES (200, 1, 4);
INSERT INTO `t_role_permission` VALUES (201, 1, 5);
INSERT INTO `t_role_permission` VALUES (202, 1, 10);
INSERT INTO `t_role_permission` VALUES (203, 1, 11);
INSERT INTO `t_role_permission` VALUES (204, 1, 12);
INSERT INTO `t_role_permission` VALUES (205, 1, 19);
INSERT INTO `t_role_permission` VALUES (206, 1, 22);

-- ----------------------------
-- Table structure for t_user
-- ----------------------------
DROP TABLE IF EXISTS `t_user`;
CREATE TABLE `t_user`  (
  `id` int(11) NOT NULL AUTO_INCREMENT,
  `username` varchar(255) CHARACTER SET utf8 COLLATE utf8_general_ci NULL DEFAULT '',
  `loginacct` varchar(255) CHARACTER SET utf8 COLLATE utf8_general_ci NULL DEFAULT NULL,
  `userpswd` varchar(255) CHARACTER SET utf8 COLLATE utf8_general_ci NULL DEFAULT NULL,
  `email` varchar(255) CHARACTER SET utf8 COLLATE utf8_general_ci NULL DEFAULT NULL,
  `createtime` char(19) CHARACTER SET utf8 COLLATE utf8_general_ci NULL DEFAULT NULL,
  PRIMARY KEY (`id`) USING BTREE
) ENGINE = InnoDB AUTO_INCREMENT = 25 CHARACTER SET = utf8 COLLATE = utf8_general_ci ROW_FORMAT = Compact;

-- ----------------------------
-- Records of t_user
-- ----------------------------
INSERT INTO `t_user` VALUES (1, '超级管理员', 'zhangsan', 'zhangsan', '57261523@qq.com', NULL);
INSERT INTO `t_user` VALUES (3, 'wangwu', 'wangwu', 'wangwu', '3333@qq.com', NULL);
INSERT INTO `t_user` VALUES (5, 'ss', '22', '22', '22', NULL);
INSERT INTO `t_user` VALUES (8, 'messi', 'messi', '123456', 'messi@qq.com', NULL);
INSERT INTO `t_user` VALUES (9, '普通管理员', '18408251184', '123456', '572615237@qq.com', '2018-10-15 17:31:06');
INSERT INTO `t_user` VALUES (13, 'ss', '18408251186', '123', '572615237@qq.com', '2018-10-16 17:45:30');
INSERT INTO `t_user` VALUES (14, '测试', '18408251188', '18408251188', '572615237@qq.com', '2018-10-31 10:40:05');
INSERT INTO `t_user` VALUES (17, 'zong_', '15108273455', '123', '995200452@qq.com', '2018-11-01 11:10:14');
INSERT INTO `t_user` VALUES (18, 'test_01', '15125897121', '1', 'email', '2018-11-01 11:32:38');
INSERT INTO `t_user` VALUES (20, 'test02', '15100515151', '123', '995200452@qq.com', '2018-11-01 11:37:16');
INSERT INTO `t_user` VALUES (24, '撒谎度uuuuuuuuuuuuuuuuuuuuuuuuuuuuuuuuuuuuuuuuufbbbbbbbbbbbbbbbbbdfs浮动到多多多dfsssssssssssssssssssssssssssssssssssssssssssssssssssssssssssssssss', '18521035767', '123', '1', '2018-11-01 14:42:15');

-- ----------------------------
-- Table structure for t_user_role
-- ----------------------------
DROP TABLE IF EXISTS `t_user_role`;
CREATE TABLE `t_user_role`  (
  `id` int(11) NOT NULL AUTO_INCREMENT,
  `userid` int(11) NULL DEFAULT NULL,
  `roleid` int(11) NULL DEFAULT NULL,
  PRIMARY KEY (`id`) USING BTREE
) ENGINE = InnoDB AUTO_INCREMENT = 27 CHARACTER SET = utf8 COLLATE = utf8_general_ci ROW_FORMAT = Compact;

-- ----------------------------
-- Records of t_user_role
-- ----------------------------
INSERT INTO `t_user_role` VALUES (2, 4, 1);
INSERT INTO `t_user_role` VALUES (7, 4, 3);
INSERT INTO `t_user_role` VALUES (8, 3, 2);
INSERT INTO `t_user_role` VALUES (9, 9, 2);
INSERT INTO `t_user_role` VALUES (10, 10, 2);
INSERT INTO `t_user_role` VALUES (11, 11, 2);
INSERT INTO `t_user_role` VALUES (12, 12, 2);
INSERT INTO `t_user_role` VALUES (13, 13, 2);
INSERT INTO `t_user_role` VALUES (14, 1, 1);
INSERT INTO `t_user_role` VALUES (15, 8, 3);
INSERT INTO `t_user_role` VALUES (16, 14, 2);
INSERT INTO `t_user_role` VALUES (17, 15, 2);
INSERT INTO `t_user_role` VALUES (18, 16, 3);
INSERT INTO `t_user_role` VALUES (19, 17, 3);
INSERT INTO `t_user_role` VALUES (20, 18, 3);
INSERT INTO `t_user_role` VALUES (21, 19, 3);
INSERT INTO `t_user_role` VALUES (22, 20, 3);
INSERT INTO `t_user_role` VALUES (23, 21, 3);
INSERT INTO `t_user_role` VALUES (24, 22, 3);
INSERT INTO `t_user_role` VALUES (25, 23, 3);
INSERT INTO `t_user_role` VALUES (26, 24, 3);

-- ----------------------------
-- Table structure for test
-- ----------------------------
DROP TABLE IF EXISTS `test`;
CREATE TABLE `test`  (
  `id` int(11) NOT NULL AUTO_INCREMENT,
  `name` varchar(255) CHARACTER SET utf8 COLLATE utf8_general_ci NULL DEFAULT NULL,
  PRIMARY KEY (`id`) USING BTREE
) ENGINE = InnoDB AUTO_INCREMENT = 5 CHARACTER SET = utf8 COLLATE = utf8_general_ci ROW_FORMAT = Compact;

-- ----------------------------
-- Records of test
-- ----------------------------
INSERT INTO `test` VALUES (1, 'ss');
INSERT INTO `test` VALUES (2, 'asdasd');
INSERT INTO `test` VALUES (3, '123');
INSERT INTO `test` VALUES (4, '22');

SET FOREIGN_KEY_CHECKS = 1;
